Plant Id,Plant Name,Operator Id,Operator Name,Plant State,NERC Region,Balancing Authority Code,Reported Fuel Type Code,Reported Prime Mover,Netgen January,Netgen February,Netgen March,Netgen April,Netgen May,Netgen June,Netgen July,Netgen August,Netgen September,Netgen October,Netgen November,Netgen December,Net Generation (Megawatthours)
1,Sand Point,63560,"TDX Sand Point Generating, LLC",AK,Unknown,Unknown,WND,WT,30.317,31.076,31.133,30.983,29.431,31.203,23.001,23.325,23.559,28.982,33.296,30.694,347.0
90,Snake River,13642,Nome Joint Utility Systems,AK,Unknown,Unknown,WND,WT,208.197,213.415,213.804,212.774,202.118,214.283,157.956,160.182,161.789,199.034,228.657,210.791,2383.0
508,Lamar Plant,10633,City of Lamar - (CO),CO,WECC,PSCO,WND,WT,1367.376,1098.836,991.476,969.997,1368.073,1011.494,1097.18,1042.126,901.626,952.676,1092.82,1338.32,13232.0
692,Medicine Bow,62042,SRIV Partnership LLC,WY,WECC,WAUW,WND,WT,2015.116,1747.224,1325.983,1127.258,1026.192,1071.784,942.308,786.864,765.206,1313.838,1936.102,2063.125,16121.0
944,Geneseo,7095,City of Geneseo - (IL),IL,MRO,MISO,WND,WT,490.0,433.0,698.0,691.0,468.0,306.0,216.0,190.0,420.0,540.0,855.0,548.0,5855.0
1172,Osage (IA),14201,City of Osage - (IA),IA,MRO,MISO,WND,WT,319.065,384.933,384.13,382.283,338.138,396.635,217.282,293.643,378.276,422.41,483.311,372.894,4373.0
1998,Mountain Lake,13048,City of Mountain Lake - (MN),MN,MRO,MISO,WND,WT,250.177,322.842,320.892,267.867,230.758,250.799,170.015,227.623,239.946,244.282,288.38,263.419,3077.0
2022,Willmar,20737,Willmar Municipal Utilities,MN,MRO,MISO,WND,WT,581.988,751.025,746.487,623.136,536.811,583.432,395.504,529.517,558.184,568.271,670.856,612.789,7158.0
2024,Worthington,21013,City of Worthington - (MN),MN,MRO,MISO,WND,WT,878.509,1133.672,1126.823,940.624,810.317,880.69,597.013,799.306,842.579,857.805,1012.657,925.005,10805.0
2240,Lon Wright,6779,City of Fremont - (NE),NE,MRO,SWPP,WND,WT,16826.477,17713.35,17144.694,16588.008,14326.331,18050.121,13045.475,15497.789,16828.635,17198.506,18261.923,18093.691,199575.0
6304,Kotzebue Hybrid,10451,Kotzebue Electric Assn Inc,AK,Unknown,Unknown,WND,WT,347.986,356.706,357.357,355.635,337.824,358.157,264.011,267.732,270.419,332.67,382.182,352.321,3983.0
7381,Searsburg Wind Turbine,7601,Green Mountain Power Corp,VT,NPCC,ISNE,WND,WT,1339.0,1123.0,1096.0,1307.0,1113.0,550.0,594.0,722.0,757.0,795.0,1410.0,1444.0,12250.0
7501,Princeton Wind Farm,15371,Town of Princeton - (MA),MA,NPCC,ISNE,WND,WT,303.516,323.454,407.547,468.271,388.519,214.354,225.375,253.554,284.332,302.502,501.233,460.343,4133.0
7526,Solano Wind,16534,Sacramento Municipal Util Dist,CA,WECC,CISO,WND,WT,13164.0,34872.0,29929.0,49933.0,55757.0,76627.0,98455.0,72236.0,55689.0,31909.0,21283.0,15921.0,555775.0
7771,Springview,58190,Bluestem LLC,NE,MRO,SWPP,WND,WT,848.68,893.411,864.73,836.652,722.58,910.397,657.977,781.665,848.789,867.444,921.08,912.595,10066.0
7855,Moorhead Wind Turbine,12894,City of Moorhead - (MN),MN,MRO,SWPP,WND,WT,179.93,232.19,230.787,192.652,165.963,180.376,122.276,163.708,172.571,175.689,207.405,189.453,2213.0
7886,Wind Turbine,11479,Madison Gas & Electric Co,WI,MRO,MISO,WND,WT,1545.728,1806.452,1722.326,1584.023,1478.172,1089.942,739.711,779.721,1413.973,1678.006,2133.113,1571.833,17543.0
7927,Buffalo Mountain,18642,Tennessee Valley Authority,TN,SERC,TVA,WND,WT,0.0,0.0,0.0,0.0,0.0,0.0,0.0,0.0,0.0,0.0,0.0,0.0,0.0
7936,Nine Canyon,20160,Energy Northwest,WA,WECC,BPAT,WND,WT,27392.002,28122.791,26637.005,23113.493,22888.45,21781.137,21131.61,18259.759,14580.683,25523.755,21750.989,16200.326,267382.0
7965,Salt Valley Wind Plant,11018,Lincoln Electric System,NE,MRO,SWPP,WND,WT,206.648,217.539,210.556,203.719,175.943,221.675,160.213,190.33,206.674,211.217,224.276,222.21,2451.0
7966,Iowa Distributed Wind Generation Project,309,City of Algona - (IA),IA,MRO,SWPP,WND,WT,373.936,451.127,450.187,448.022,396.285,464.842,254.647,344.139,443.325,495.049,566.423,437.018,5125.0
7974,Chamberlain Wind Project,1307,Basin Electric Power Coop,SD,MRO,SWPP,WND,WT,67.971,87.347,90.963,78.45,75.618,77.461,58.331,71.612,79.116,83.013,90.825,88.293,949.0
10005,Dinosaur Point,9397,International Turbine Res Inc,CA,WECC,CISO,WND,WT,534.378,547.773,794.073,1070.585,1092.409,1211.483,1189.477,1013.41,561.027,611.255,467.772,459.358,9553.0
10191,Tehachapi Wind Resource I,2719,CalWind Resources Inc,CA,WECC,CISO,WND,WT,771.945,791.298,1147.096,1546.537,1578.064,1750.074,1718.286,1463.944,810.445,883.003,675.731,663.577,13800.0
10586,Cameron Ridge LLC,2770,Terra-Gen Operating Co-Wind,CA,WECC,CISO,WND,WT,8267.493,8474.744,12285.311,16563.302,16900.948,18743.169,18402.714,15678.737,8679.803,9456.895,7237.027,7106.857,147797.0
10597,Ridgetop Energy LLC,2770,Terra-Gen Operating Co-Wind,CA,WECC,CISO,WND,WT,2207.208,2262.539,3279.862,4421.976,4512.119,5003.944,4913.052,4185.82,2317.284,2524.748,1932.1,1897.348,39458.0
10718,Karen Avenue Wind Farm,16630,San Gorgonio Farms Inc,CA,WECC,CISO,WND,WT,1640.555,1681.68,2437.828,3286.728,3353.728,3719.288,3651.73,3111.2,1722.371,1876.573,1436.075,1410.244,29328.0
10823,Deer Island Treatment Plant,11427,Massachusetts Wtr Rauth-Deer I,MA,NPCC,ISNE,WND,WT,168.3,189.09,205.92,247.5,215.82,58.41,78.21,90.09,94.05,122.76,204.93,208.89,1883.97
50276,Wintec Energy Ltd,20707,Wintec Energy Ltd,CA,WECC,CISO,WND,WT,32.555,33.372,48.378,65.224,66.553,73.807,72.467,61.74,34.18,37.24,28.498,27.986,582.0
50281,San Gorgonio Farms Wind Farm,16630,San Gorgonio Farms Inc,CA,WECC,CISO,WND,WT,4809.564,4930.13,7146.905,9635.599,9832.023,10903.724,10705.666,9121.009,5049.423,5501.491,4210.096,4134.37,85980.0
50386,Windland,2770,Terra-Gen Operating Co-Wind,CA,WECC,CISO,WND,WT,1508.952,1546.779,2242.269,0.0,0.0,0.0,0.0,0.0,0.0,0.0,0.0,0.0,5298.0
50485,Altech III,2770,Terra-Gen Operating Co-Wind,CA,WECC,CISO,WND,WT,0.0,0.0,0.0,0.0,0.0,0.0,0.0,0.0,0.0,0.0,0.0,0.0,0.0
50532,Victory Garden (Tehachapi),56899,Wind Stream Operations LLC,CA,WECC,CISO,WND,WT,1219.394,1249.964,1811.996,2442.969,2492.769,2764.483,2714.269,2312.502,1280.209,1394.824,1067.41,1048.211,21799.0
50535,Mesa Wind Power Corp,63235,Brookfield Renewable Trading and Marketing LP,CA,WECC,CISO,WND,WT,45.424,46.56,67.496,90.999,92.854,102.975,101.105,86.139,47.687,51.956,39.76,39.045,812.0
50536,Sky River Wind Energy Center,64156,Sky River Wind LLC,CA,WECC,CISO,WND,WT,2068.817,2120.679,3074.216,4144.72,4229.211,4690.199,4605.005,3923.371,2171.992,2366.447,1810.958,1778.385,36984.0
50552,GPS Cabazon Wind LLC,61728,GlidePath Power Operations LLC,CA,WECC,CISO,WND,WT,1897.199,1944.758,2819.195,3800.895,3878.377,4301.125,4222.998,3597.908,1991.815,2170.139,1660.731,1630.86,33916.0
50553,Edom Hills Project 1 LLC,61208,"Red Marlin Wind Ventures, LLC",CA,WECC,CISO,WND,WT,1658.008,1699.57,2463.762,3321.693,3389.406,3758.855,3690.579,3144.298,1740.694,1896.536,1451.352,1425.247,29640.0
50690,San Gorgonio Westwinds II LLC,2770,Terra-Gen Operating Co-Wind,CA,WECC,CISO,WND,WT,6821.547,6992.551,10136.668,13666.458,13945.052,15465.077,15184.166,12936.6,7161.747,7802.928,5971.305,5863.901,121948.0
50754,Oak Creek Energy Systems I,13938,Oak Creek Energy System Inc II,CA,WECC,CISO,WND,WT,3480.641,3567.894,5172.155,6973.202,7115.352,7890.933,7747.6,6600.797,3654.224,3981.382,3046.811,2992.009,62223.0
50820,East Winds Project,2770,Terra-Gen Operating Co-Wind,CA,WECC,CISO,WND,WT,397.274,407.232,590.339,795.906,812.131,900.654,884.294,753.401,417.085,454.426,347.757,341.501,7102.0
50821,Mojave 16/17/18,2770,Terra-Gen Operating Co-Wind,CA,WECC,CISO,WND,WT,5481.439,5618.846,8145.293,10981.647,11205.51,12426.922,12201.197,10395.171,5754.803,6270.023,4798.227,4711.922,97991.0
52142,Mojave 3/4/5,2770,Terra-Gen Operating Co-Wind,CA,WECC,CISO,WND,WT,8264.419,8471.59,12280.74,16557.138,16894.658,18736.194,18395.865,15672.902,8676.573,9453.375,7234.334,7104.212,147742.0
52160,Victory Garden Phase IV LLC,2770,Terra-Gen Operating Co-Wind,CA,WECC,CISO,WND,WT,1846.0,0.0,0.0,0.0,0.0,0.0,0.0,0.0,0.0,0.0,0.0,0.0,1846.0
52161,Terra-Gen 251 Wind LLC,2770,Terra-Gen Operating Co-Wind,CA,WECC,CISO,WND,WT,0.0,0.0,0.0,0.0,0.0,0.0,0.0,0.0,0.0,0.0,0.0,0.0,0.0
52162,85 A,64311,Wind Wall 1 LLC,CA,WECC,CISO,WND,WT,0.0,0.0,0.0,0.0,0.0,0.0,0.0,0.0,0.0,0.0,0.0,0.0,0.0
52163,85 B,64311,Wind Wall 1 LLC,CA,WECC,CISO,WND,WT,0.0,0.0,0.0,0.0,0.0,0.0,0.0,0.0,0.0,0.0,0.0,0.0,0.0
52165,Helzel & Schwarzhoff 88 Wind Farm,61444,"Terra-Gen 251 Wind, LLC",CA,WECC,CISO,WND,WT,0.0,0.0,0.0,0.0,0.0,0.0,0.0,0.0,0.0,0.0,0.0,0.0,0.0
54298,Coram Energy LLC (ECT),63235,Brookfield Renewable Trading and Marketing LP,CA,WECC,CISO,WND,WT,1550.157,1589.018,2303.501,3105.626,3168.935,3514.352,3450.517,2939.77,1627.467,1773.172,1356.946,1332.539,27712.0
54299,Coram Energy LLC,63235,Brookfield Renewable Trading and Marketing LP,CA,WECC,CISO,WND,WT,544.0,557.636,808.37,1089.86,1112.077,1233.295,1210.893,1031.656,571.129,622.261,476.194,467.629,9725.0
54300,CTV Power Purchase Contract Trust,63235,Brookfield Renewable Trading and Marketing LP,CA,WECC,CISO,WND,WT,671.202,688.028,997.391,1344.703,1372.115,1521.677,1494.037,1272.889,704.676,767.764,587.543,576.975,11999.0
54453,EDF Renewable Windfarm V Inc,57170,"EDF Renewable Asset Holdings, Inc.",CA,WECC,CISO,WND,WT,1170.281,1199.619,1739.014,2344.573,2392.367,2653.138,2604.946,2219.361,1228.646,1338.645,1024.418,1005.992,20921.0
54454,San Gorgonio Windplant WPP1993,49963,"FPL Energy Operating Services, Inc.",CA,WECC,CISO,WND,WT,10312.369,10570.881,15323.951,20660.057,21081.216,23379.09,22954.427,19556.704,10826.66,11795.956,9027.028,8864.661,184353.0
54647,TPC Windfarms LLC,2770,Terra-Gen Operating Co-Wind,CA,WECC,CISO,WND,WT,2903.359,2976.14,4314.326,5816.661,5935.235,6582.182,6462.621,5506.022,3048.153,3321.05,2541.482,2495.769,51903.0
54650,Alta Mesa Repower LLC,64228,Alta Mesa 640 LLC,CA,WECC,CISO,WND,WT,0.0,0.0,0.0,0.0,0.0,0.0,0.0,0.0,0.0,0.0,0.0,0.0,0.0
54681,Difwind Farms Ltd I,2770,Terra-Gen Operating Co-Wind,CA,WECC,CISO,WND,WT,0.0,0.0,0.0,0.0,0.0,0.0,0.0,0.0,0.0,0.0,0.0,0.0,0.0
54682,Difwind Farms Ltd II,2770,Terra-Gen Operating Co-Wind,CA,WECC,CISO,WND,WT,0.0,0.0,0.0,0.0,0.0,0.0,0.0,0.0,0.0,0.0,0.0,0.0,0.0
54685,Difwind Farms Ltd V,2770,Terra-Gen Operating Co-Wind,CA,WECC,CISO,WND,WT,0.0,0.0,0.0,0.0,0.0,0.0,0.0,0.0,0.0,0.0,0.0,0.0,0.0
54686,Difwind Farms Ltd VI,2770,Terra-Gen Operating Co-Wind,CA,WECC,CISO,WND,WT,1372.946,1407.364,2040.168,2750.595,2806.666,3112.596,3056.058,2603.699,1441.417,1570.465,1201.821,1180.205,24544.0
54750,Coram Tehachapi,63235,Brookfield Renewable Trading and Marketing LP,CA,WECC,CISO,WND,WT,588.077,602.82,873.871,1178.17,1202.187,1333.227,1309.01,1115.25,617.406,672.682,514.78,505.52,10513.0
54793,Storm Lake 1,59496,Allete Clean Energy,IA,MRO,MISO,WND,WT,15124.304,18246.497,18208.453,18120.89,16028.33,18801.2,10299.578,13919.203,17930.936,20022.967,22909.801,17675.841,207288.0
54909,Tehachapi Wind Resource II,2719,CalWind Resources Inc,CA,WECC,CISO,WND,WT,2434.652,2495.685,3617.84,4877.644,4977.076,5519.582,5419.323,4617.153,2556.072,2784.914,2131.196,2092.863,43524.0
54931,Ridgetop,2770,Terra-Gen Operating Co-Wind,CA,WECC,CISO,WND,WT,7817.525,8013.498,11616.671,15661.828,15981.097,17723.053,17401.128,14825.406,8207.396,8942.194,6843.145,6720.059,139753.0
54979,Big Spring Wind Power Facility,2770,Terra-Gen Operating Co-Wind,TX,TRE,ERCO,WND,WT,6576.773,6366.927,6338.294,6381.544,6652.333,7000.699,5762.383,5290.321,4303.613,6066.576,6154.531,6555.006,73449.0
55125,Vansycle,6017,ESI Vansycle Partners LP,OR,WECC,BPAT,WND,WT,6037.575,8941.917,7154.828,7963.017,7039.467,8157.419,10029.778,9047.631,3900.911,6788.98,4902.067,3660.41,83624.0
55208,Lake Benton I,59496,Allete Clean Energy,MN,MRO,MISO,WND,WT,19770.276,25512.488,25358.361,21168.085,18235.61,19819.324,13435.354,17987.815,18961.656,19304.302,22789.13,20816.599,243159.0
55265,Lake Benton II,13781,Northern States Power Co - Minnesota,MN,MRO,MISO,WND,WT,36993.808,47738.535,47450.135,39609.362,34122.164,37085.583,25140.006,33658.495,35480.729,36121.883,42642.634,38951.666,454995.0
55287,Storm Lake II,59496,Allete Clean Energy,IA,MRO,MISO,WND,WT,11036.638,13314.992,13287.231,13223.333,11696.333,13719.775,7515.897,10157.241,13084.718,14611.334,16717.939,12898.569,151264.0
55342,Woodstock Windfarm,56769,Consolidated Edison Development Inc.,MN,MRO,MISO,WND,WT,2622.849,3384.647,3364.199,2808.291,2419.251,2629.356,1782.418,2386.377,2515.572,2561.03,3023.349,2761.661,32259.0
55353,Lakota Ridge LLC,61219,Longroad Energy Services LLC,MN,MRO,MISO,WND,WT,1321.547,1705.386,1695.083,1414.984,1218.962,1324.826,898.088,1202.398,1267.495,1290.399,1523.343,1391.489,16254.0
55354,Shaokatan Hills LLC,61219,Longroad Energy Services LLC,MN,MRO,MISO,WND,WT,1873.127,2417.17,2402.568,2005.562,1727.725,1877.774,1272.927,1704.248,1796.514,1828.978,2159.147,1972.26,23038.0
55368,Wethersfield Wind Farm,34688,CHI Energy Inc,NY,NPCC,NYIS,WND,WT,188.821,191.389,230.707,220.411,155.576,118.673,133.511,121.217,171.995,183.886,275.112,221.702,2213.0
55396,Green Power I,49750,FPL Energy Green Power,CA,WECC,CISO,WND,WT,670.306,687.11,996.061,1342.91,1370.285,1519.648,1492.045,1271.192,703.736,766.741,586.76,576.206,11983.0
55560,FPL Energy Vansycle LLC (WA),6607,FPL Energy Vansycle LLC,WA,WECC,BPAT,WND,WT,44676.557,45868.478,43445.15,37698.276,37331.229,35525.194,34465.811,29781.8,23781.201,41629.432,35476.022,26422.85,436102.0
55561,Tsar Nicholas LLC,54725,CHI Operations Inc,MN,MRO,MISO,WND,WT,447.02,576.856,573.371,478.626,412.32,448.129,303.783,406.717,428.737,436.484,515.279,470.678,5498.0
55562,Sun River LLC,54725,CHI Operations Inc,MN,MRO,MISO,WND,WT,447.02,576.856,573.371,478.626,412.32,448.129,303.783,406.717,428.737,436.484,515.279,470.678,5498.0
55563,Julia Hills LLC,54725,CHI Operations Inc,MN,MRO,MISO,WND,WT,447.02,576.856,573.371,478.626,412.32,448.129,303.783,406.717,428.737,436.484,515.279,470.678,5498.0
55564,Jessica Mills LLC,54725,CHI Operations Inc,MN,MRO,MISO,WND,WT,447.02,576.856,573.371,478.626,412.32,448.129,303.783,406.717,428.737,436.484,515.279,470.678,5498.0
55565,Jack River LLC,54725,CHI Operations Inc,MN,MRO,MISO,WND,WT,447.02,576.856,573.371,478.626,412.32,448.129,303.783,406.717,428.737,436.484,515.279,470.678,5498.0
55566,Autumn Hills LLC,54725,CHI Operations Inc,MN,MRO,MISO,WND,WT,447.02,576.856,573.371,478.626,412.32,448.129,303.783,406.717,428.737,436.484,515.279,470.678,5498.0
55567,Winters Spawn LLC,54725,CHI Operations Inc,MN,MRO,MISO,WND,WT,364.008,469.731,466.894,389.743,335.751,364.91,247.369,331.188,349.119,355.427,419.589,383.271,4477.0
55568,Twin Lake Hills LLC,54725,CHI Operations Inc,MN,MRO,MISO,WND,WT,382.626,493.758,490.775,409.678,352.925,383.575,260.022,348.129,366.976,373.608,441.052,402.876,4706.0
55569,Spartan Hills LLC,54725,CHI Operations Inc,MN,MRO,MISO,WND,WT,374.659,483.476,480.555,401.147,345.575,375.587,254.608,340.879,359.334,365.827,431.867,394.486,4608.0
55570,Soliloquoy Ridge LLC,54725,CHI Operations Inc,MN,MRO,MISO,WND,WT,373.763,482.322,479.408,400.19,344.75,374.691,254.0,340.065,358.476,364.954,430.836,393.545,4597.0
55571,Ruthton Ridge LLC,54725,CHI Operations Inc,MN,MRO,MISO,WND,WT,365.795,472.04,469.188,391.658,337.401,366.703,248.585,332.816,350.834,357.174,421.651,385.155,4499.0
55572,Hope Creek LLC,54725,CHI Operations Inc,MN,MRO,MISO,WND,WT,402.14,518.939,515.804,430.572,370.923,403.137,273.283,365.883,385.691,392.661,463.545,423.422,4946.0
55573,Hadley Ridge LLC,54725,CHI Operations Inc,MN,MRO,MISO,WND,WT,385.228,497.116,494.113,412.464,355.324,386.183,261.79,350.496,369.472,376.148,444.051,405.615,4738.0
55574,Florence Hills LLC,54725,CHI Operations Inc,MN,MRO,MISO,WND,WT,378.155,487.988,485.04,404.89,348.8,379.092,256.983,344.06,362.687,369.241,435.897,398.167,4651.0
55576,Agassiz Beach LLC,54725,CHI Operations Inc,MN,MRO,MISO,WND,WT,381.894,492.814,489.837,408.895,352.25,382.842,259.525,347.463,366.274,372.893,440.208,402.105,4697.0
55579,Llano Estacado Wind Ranch,62136,Llano Estacado Wind Ranch,TX,MRO,SWPP,WND,WT,13357.435,12931.235,12873.081,12960.922,13510.895,14218.427,11703.407,10744.648,8740.644,12321.223,12499.858,13313.225,149175.0
55581,King Mountain Wind Ranch 1,6354,FPL Energy Upton Wind LP,TX,TRE,ERCO,WND,WT,46215.0,44380.0,48798.0,58897.0,58347.0,67625.0,53786.0,53805.0,30183.0,47136.0,51329.0,40356.0,600857.0
55607,Foote Creek I,14354,PacifiCorp,WY,WECC,PACE,WND,WT,6149.474,5331.953,4046.465,3440.02,3131.602,3270.732,2875.616,2401.252,2335.157,4009.402,5908.348,6295.979,49196.0
55608,Foote Creek II,2770,Terra-Gen Operating Co-Wind,WY,WECC,PACE,WND,WT,0.0,0.0,0.0,0.0,0.0,0.0,0.0,0.0,0.0,0.0,0.0,0.0,0.0
55609,Foote Creek III,2770,Terra-Gen Operating Co-Wind,WY,WECC,PACE,WND,WT,0.0,0.0,0.0,0.0,0.0,0.0,0.0,0.0,0.0,0.0,0.0,0.0,0.0
55610,Foote Creek IV,2770,Terra-Gen Operating Co-Wind,WY,WECC,PACE,WND,WT,7125.85,6178.529,4688.939,3986.206,3628.819,3790.039,3332.189,2782.509,2705.92,0.0,0.0,0.0,38219.0
55719,Mountain View I&2,19740,AES Wind Generation Inc,CA,WECC,CISO,WND,WT,10837.571,11109.25,16104.392,21712.262,22154.871,24569.775,24123.484,20552.717,11378.056,12396.718,9486.77,9316.134,193742.0
55734,Gray County Wind Energy,7531,Gray County Wind Energy LLC,KS,MRO,SWPP,WND,WT,17329.467,17732.021,18094.066,18425.676,16725.843,22580.773,13964.052,14888.375,15773.608,17800.958,20516.22,17047.941,210879.0
55739,Condon Windpower LLC,59496,Allete Clean Energy,OR,WECC,BPAT,WND,WT,7667.902,11356.504,9086.848,10113.272,8940.335,10360.168,12738.12,11490.765,4954.274,8622.209,6225.772,4648.831,106205.0
55740,Rock River I LLC,17058,Shell Wind Energy Inc.,WY,WECC,PACE,WND,WT,18896.667,16384.517,12434.35,10570.811,9623.075,10050.606,8836.458,7378.789,7175.686,12320.461,18155.717,19346.863,151174.0
55741,Ridge Crest Wind Partners,5906,EDF Renewable Services Inc,CO,WECC,PSCO,WND,WT,7411.537,5955.989,5374.069,5257.644,7415.324,5482.571,5947.011,5648.606,4887.053,5163.76,5923.381,7254.055,71721.0
55742,Montfort Wind Energy Center,20847,Wisconsin Electric Power Co,WI,RFC,MISO,WND,WT,4139.0,5510.0,5224.0,5296.0,4685.0,2748.0,2156.0,2398.0,3957.0,4979.0,6790.0,4827.0,52709.0
55747,NWP Indian Mesa Wind Farm,13866,NWP Indian Mesa Wind Farm LP,TX,TRE,ERCO,WND,WT,21310.201,20630.25,20537.473,20677.612,21555.029,22683.812,18671.396,17141.81,13944.659,19657.048,19942.04,21239.67,237991.0
55769,Madison Windpower LLC,49880,Madison Windpower LLC,NY,NPCC,NYIS,WND,WT,1748.0,1363.0,1965.0,1783.0,1346.0,777.0,659.0,28.0,1318.0,1338.0,2315.0,1583.0,16223.0
55782,Noble Ridge LLC,56689,RENEW Energy Inc,MN,MRO,MISO,WND,WT,58.946,76.068,75.608,63.115,54.371,59.093,40.059,53.632,56.536,57.557,67.948,62.067,725.0
55790,Fenner Wind,34688,CHI Energy Inc,NY,NPCC,NYIS,WND,WT,5300.438,5372.562,6476.276,6187.254,4367.223,3331.321,3747.832,3402.737,4828.131,5161.95,7722.791,6223.485,62122.0
55795,Woodward Mountain II,14629,Pecos Wind II LP,TX,TRE,ERCO,WND,WT,14699.937,14230.903,14166.905,14263.574,14868.823,15647.466,12879.671,11824.551,9619.132,13559.581,13756.171,14651.286,164168.0
55796,Woodward Mountain I,14628,Pecos Wind I LP,TX,TRE,ERCO,WND,WT,15453.703,14960.617,14893.337,14994.963,15631.248,16449.817,13540.099,12430.875,10112.37,14254.873,14461.542,15402.556,172586.0
55803,Somerset Windpower LLC,61728,GlidePath Power Operations LLC,PA,RFC,PJM,WND,WT,706.0,633.0,603.0,1017.0,973.0,486.0,267.0,354.0,383.0,644.0,1090.0,1163.0,8319.0
55804,Northern Iowa Windfarm,61973,Black Hills Electric Generation LLC,IA,MRO,MISO,WND,WT,9371.117,11305.649,11282.077,11227.822,9931.258,11649.346,6381.686,8624.429,11110.125,12406.361,14195.063,10952.067,128437.0
55805,Mill Run Windpower LLC,61728,GlidePath Power Operations LLC,PA,RFC,PJM,WND,WT,1420.0,1273.0,1495.0,1945.0,2324.0,1194.0,525.0,940.0,914.0,1581.0,1950.0,2071.0,17632.0
55809,Kas Brothers Windfarm,10046,Kas Brothers Windfarm LLC,MN,MRO,MISO,WND,WT,254.246,328.088,326.106,272.219,234.508,254.874,172.777,231.321,243.845,248.251,293.066,267.699,3127.0
55816,Hawkeye Power Partners LLC,8294,Hawkeye Power Partners LLC,IA,MRO,MISO,WND,WT,5785.654,6980.019,6965.466,6931.97,6131.481,7192.215,3940.003,5324.655,6859.304,7659.591,8763.921,6761.721,79296.0
55871,Klondike Wind Power,15399,Avangrid Renewables LLC,OR,WECC,AVRN,WND,WT,3818.394,5655.208,4524.986,5036.115,4452.027,5159.062,6343.213,5722.066,2467.084,4293.609,3100.254,2314.982,52887.0
55944,Bay Windpower I,1361,Bay Windpower LLC,MI,RFC,MISO,WND,WT,238.808,263.186,227.083,198.115,179.793,133.028,98.38,116.841,192.993,231.736,327.365,270.672,2478.0
55968,Trent Wind Farm LP,19171,Trent Wind Farm LP,TX,TRE,ERCO,WND,WT,49771.051,48182.99,47966.304,48293.607,50342.86,52979.188,43607.989,40035.562,32568.456,45910.03,46575.641,49606.322,555840.0
55980,Champepaden Wind Power,57170,"EDF Renewable Asset Holdings, Inc.",MN,MRO,MISO,WND,WT,128.79,166.195,165.191,137.894,118.791,129.108,87.521,117.177,123.521,125.753,148.454,135.605,1584.0
55986,Mountaineer Wind Energy Center,61728,GlidePath Power Operations LLC,WV,RFC,PJM,WND,WT,13938.0,12914.0,14278.0,14604.0,15684.0,8583.0,4209.0,6482.0,6291.0,9553.0,13764.0,13468.0,133768.0
55989,FPL Energy Vansycle LLC (OR),6607,FPL Energy Vansycle LLC,OR,WECC,BPAT,WND,WT,21856.969,32371.141,25901.601,28827.372,25483.976,29531.137,36309.369,32753.845,14121.909,24577.173,17746.251,13251.257,302732.0
55992,Desert Sky,49796,Desert Sky Wind Farm LP,TX,TRE,ERCO,WND,WT,48297.01,46755.982,46545.713,46863.323,48851.884,51410.133,42316.476,38849.851,31603.894,44550.338,45196.237,48137.159,539378.0
55995,Minot Wind Project,1307,Basin Electric Power Coop,ND,MRO,SWPP,WND,WT,1443.638,1634.763,1648.501,1627.88,1541.432,1478.214,1170.371,1203.751,1670.864,1689.543,1869.154,1688.889,18667.0
56001,Waymart Wind,61728,GlidePath Power Operations LLC,PA,RFC,PJM,WND,WT,15426.0,12668.0,13199.0,13057.0,10374.0,6298.0,5626.0,6851.0,6539.0,10183.0,15204.0,15750.0,131175.0
56002,Minwind,60580,"Community Renewables, LLC",MN,MRO,MISO,WND,WT,472.223,609.381,605.7,505.613,435.569,473.397,320.912,429.65,452.911,461.095,544.332,497.217,5808.0
56010,Hancock County Wind Energy Center,6850,"FPL Energy Hancock County Wind, LLC",IA,MRO,MISO,WND,WT,16705.0,21633.0,25159.0,21370.0,19700.0,22888.0,9302.0,13665.0,19531.0,25861.0,29383.0,22016.0,247213.0
56011,Cabazon Wind Partners,17058,Shell Wind Energy Inc.,CA,WECC,CISO,WND,WT,5774.776,5919.54,8581.19,11569.331,11805.174,13091.951,12854.146,10951.47,6062.772,6605.564,5055.005,4964.081,103235.0
56012,Whitewater Hill Wind Partners,17058,Shell Wind Energy Inc.,CA,WECC,CISO,WND,WT,7404.816,7590.44,11003.39,14834.991,15137.404,16787.397,16482.467,14042.726,7774.102,8470.107,6481.874,6365.286,132375.0
56052,"Meyersdale Windpower, LLC",61728,GlidePath Power Operations LLC,PA,RFC,PJM,WND,WT,8599.0,7830.0,7671.0,7485.0,7409.0,4431.0,2391.0,3183.0,3203.0,4770.0,6582.0,7311.0,70865.0
56054,G McNeilus Wind Farm Dodge Center,6985,Garwin McNeilus,MN,MRO,MISO,WND,WT,7596.66,9803.085,9743.862,8133.763,7006.97,7615.506,5162.488,6911.755,7285.95,7417.611,8756.644,7998.706,93433.0
56075,High Winds LLC,8565,"FPLE High Winds, LLC",CA,WECC,CISO,WND,WT,17508.2,17947.097,26016.794,35076.361,35791.399,39692.699,38971.712,33203.105,18381.354,20027.013,15325.965,15050.301,312992.0
56081,Blue Canyon Windpower,1881,Blue Canyon Windpower LLC,OK,MRO,SWPP,WND,WT,19676.052,19053.841,18652.296,20237.838,16051.395,22973.321,13724.947,14033.167,13644.403,17862.13,20898.72,17694.89,214503.0
56092,South Dakota Wind Energy Cente,34721,FPL Energy South Dakota Wind LLC,SD,MRO,WACM,WND,WT,8528.0,7972.0,8829.0,6936.0,6143.0,5819.0,7095.0,8001.0,7055.0,5662.0,5398.0,7010.0,84448.0
56093,TransAlta Wyoming Wind,58528,NextEra Energy Operating Services LLC,WY,WECC,PACE,WND,WT,47142.29,40875.13,31020.485,26371.438,24007.081,25073.66,22044.676,18408.168,17901.48,30736.362,45293.814,48265.416,377140.0
56094,Oklahoma Wind Energy Center,34719,FPL Energy Oklahoma Wind LLC,OK,MRO,SWPP,WND,WT,25710.692,24897.648,24372.948,26444.776,20974.352,30019.232,17934.384,18337.134,17829.137,23340.439,27308.351,23121.907,280291.0
56097,New Mexico Wind Energy Center,34717,FPL Energy New Mexico Wind LLC,NM,WECC,PNM,WND,WT,51065.0,53223.0,61203.0,54631.0,54510.0,60922.0,34040.0,33604.0,39108.0,15062.0,61992.0,54029.0,573389.0
56099,FPL Energy North Dakota Wind I/II,34723,FPL Energy North Dakota Wind LLC,ND,MRO,MISO,WND,WT,7610.36,8617.908,8690.329,8581.622,8125.897,7792.637,6169.795,6345.762,8808.221,8906.689,9853.538,8903.242,98406.0
56106,Kimball Wind,61369,"Kimball Wind, LLC",NE,WECC,WACM,WND,WT,10722.491,11287.64,10925.27,10570.528,9129.298,11502.243,8313.087,9875.797,10723.865,10959.561,11637.212,11530.008,127177.0
56111,Brazos Wind Farm,17058,Shell Wind Energy Inc.,TX,TRE,ERCO,WND,WT,29586.751,28642.718,28513.907,28708.475,29926.667,31493.851,25923.076,23799.422,19360.548,27291.54,27687.218,29488.827,330423.0
56112,Mountain View III,15399,Avangrid Renewables LLC,CA,WECC,CISO,WND,WT,3261.698,3343.463,4846.812,6534.568,6667.777,7394.571,7260.255,6185.589,3424.364,3730.942,2855.158,2803.803,58309.0
56123,Minwind 3-9,60558,"Rock County Energy Center, LLC",MN,MRO,MISO,WND,WT,0.0,0.0,0.0,0.0,0.0,0.0,0.0,0.0,0.0,0.0,0.0,0.0,0.0
56142,"Chanarambie Power Partners, LLC",59496,Allete Clean Energy,MN,MRO,MISO,WND,WT,18468.975,23833.227,23689.245,19774.778,17035.321,18514.793,12551.024,16803.837,17713.578,18033.671,21289.124,19446.427,227154.0
56153,Viking Wind Partners,59496,Allete Clean Energy,MN,MRO,MISO,WND,WT,2890.428,3729.942,3707.408,3094.787,2666.058,2897.598,1964.257,2629.83,2772.206,2822.301,3331.785,3043.4,35550.0
56160,"Mendota Hills, LLC",50123,"Leeward Asset Management, LLC",IL,RFC,PJM,WND,WT,21545.801,24243.143,25808.434,25305.071,20450.159,16006.492,9153.139,7937.073,15700.148,22571.187,30829.345,22709.008,242259.0
56162,Ainsworth Wind,13337,Nebraska Public Power District,NE,MRO,SWPP,WND,WT,10292.67,10835.165,10487.321,10146.799,8763.343,11041.166,7979.85,9479.917,10293.989,10520.238,11170.724,11067.818,122079.0
56172,Flying Cloud Power Partners LLC,15399,Avangrid Renewables LLC,IA,MRO,MISO,WND,WT,9711.706,11716.549,11692.12,11635.893,10292.207,12072.738,6613.626,8937.881,11513.919,12857.267,14710.978,11350.116,133105.0
56173,Colorado Green Holdings LLC,15399,Avangrid Renewables LLC,CO,WECC,PSCO,WND,WT,25567.28,20546.13,18538.704,18137.078,25580.341,18913.002,20515.161,19485.763,16858.667,17813.212,20433.644,25024.018,247413.0
56174,Moraine Wind LLC,15399,Avangrid Renewables LLC,MN,MRO,MISO,WND,WT,8935.85,11531.239,11461.576,9567.638,8242.206,8958.019,6072.566,8130.206,8570.367,8725.238,10300.324,9408.771,109904.0
56195,Combine Hills I,49844,Eurus Combine Hills I LLC,OR,WECC,PACW,WND,WT,8746.916,12954.573,10365.535,11536.396,10198.405,11818.035,14530.608,13107.727,5651.432,9835.513,7101.853,5303.007,121150.0
56199,TG Windfarm LLC,61141,TG Windfarm LLC,MN,MRO,MISO,WND,WT,274.652,354.423,352.282,294.07,253.332,275.333,186.646,249.889,263.418,268.178,316.59,289.187,3378.0
56200,CG Windfarm LLC,61140,CG Windfarm LLC,MN,MRO,MISO,WND,WT,137.325,177.212,176.141,147.035,126.666,137.666,93.323,124.945,131.709,134.089,158.295,144.594,1689.0
56201,Bisson Windfarm LLC,61139,Bisson Windfarm LLC,MN,MRO,MISO,WND,WT,274.652,354.423,352.282,294.07,253.332,275.333,186.646,249.889,263.418,268.178,316.59,289.187,3378.0
56202,Tofteland Windfarm LLC,49867,Tofteland Windfarm LLC,MN,MRO,MISO,WND,WT,274.652,354.423,352.282,294.07,253.332,275.333,186.646,249.889,263.418,268.178,316.59,289.187,3378.0
56203,Westridge Windfarm LLC,61142,Westridge Windfarm LLC,MN,MRO,MISO,WND,WT,137.325,177.212,176.141,147.035,126.666,137.666,93.323,124.945,131.709,134.089,158.295,144.594,1689.0
56204,Fey Windfarm LLC,49869,Fey Windfarm LLC,MN,MRO,MISO,WND,WT,337.013,434.898,432.27,360.841,310.853,337.849,229.025,306.629,323.229,329.07,388.474,354.849,4145.0
56205,Windcurrent Farms LLC,49870,Windcurrent Farms LLC,MN,MRO,MISO,WND,WT,318.883,411.5,409.014,341.428,294.129,319.673,216.704,290.132,305.839,311.366,367.574,335.758,3922.0
56206,K-Brink Windfarm LLC,61120,"K-brink Windfarm, LLC",MN,MRO,MISO,WND,WT,304.083,392.405,390.034,325.584,280.48,304.839,206.648,276.668,291.647,296.917,350.517,320.178,3740.0
56207,DL Windy Acres LLC,56800,Brewster,MN,MRO,MISO,WND,WT,197.899,255.378,253.835,211.891,182.537,198.39,134.487,180.056,189.804,193.234,228.117,208.372,2434.0
56208,S&P Windfarm LLC,56800,Brewster,MN,MRO,MISO,WND,WT,197.899,255.378,253.835,211.891,182.537,198.39,134.487,180.056,189.804,193.234,228.117,208.372,2434.0
56209,Boeve Windfarm LLC,49874,Boeve Windfarm LLC,MN,MRO,MISO,WND,WT,348.072,449.167,446.453,372.68,321.052,348.934,236.54,316.689,333.834,339.867,401.22,366.492,4281.0
56210,B&K Energy Systems LLC,56800,Brewster,MN,MRO,MISO,WND,WT,197.899,255.378,253.835,211.891,182.537,198.39,134.487,180.056,189.804,193.234,228.117,208.372,2434.0
56211,Sweetwater Wind 1 LLC,50123,"Leeward Asset Management, LLC",TX,TRE,ERCO,WND,WT,13021.652,12606.166,12549.474,12635.107,13171.255,13861.0,11409.204,10474.546,8520.919,12011.489,12185.634,12978.554,145425.0
56212,Sweetwater Wind 2 LLC,50123,"Leeward Asset Management, LLC",TX,TRE,ERCO,WND,WT,30794.047,29811.491,29677.425,29879.932,31147.833,32778.966,26980.874,24770.564,20150.56,28405.179,28817.002,30692.127,343906.0
56215,Allendorf,57202,E&E Enterprises LLC,IA,MRO,MISO,WND,WT,131.771,158.973,158.641,157.879,139.647,163.806,89.735,121.271,156.224,174.45,199.602,154.001,1806.0
56225,Aeolus Wind Facility,49903,Aeolus Wind LLC,TX,MRO,SWPP,WND,WT,98.674,95.527,95.097,95.746,99.809,105.036,86.457,79.374,64.57,91.021,92.34,98.349,1102.0
56226,Bowling Green Wind,40577,"American Mun Power-Ohio, Inc",OH,RFC,PJM,WND,WT,897.987,860.724,826.936,805.892,848.607,676.755,392.829,358.918,593.325,788.18,1118.833,1090.014,9259.0
56240,Buffalo Gap Wind Farm,19740,AES Wind Generation Inc,TX,TRE,ERCO,WND,WT,29582.9,28638.99,28510.197,28704.739,29922.773,31489.753,25919.702,23796.324,19358.028,27287.989,27683.615,29484.99,330380.0
56251,Intrepid,12341,MidAmerican Energy Co,IA,MRO,MISO,WND,WT,37910.937,45737.1,45641.739,45422.251,40176.992,47127.532,25817.165,34890.202,44946.107,50190.043,57426.25,44306.682,519593.0
56252,Century,12341,MidAmerican Energy Co,IA,MRO,MISO,WND,WT,41590.304,50176.018,50071.401,49830.612,44076.285,51701.394,28322.795,38276.397,49308.256,55061.132,62999.633,48606.773,570021.0
56255,Hopkins Ridge Wind,15500,Puget Sound Energy Inc,WA,WECC,BPAT,WND,WT,0.0,52800.0,44220.0,44681.0,36292.0,32829.0,34672.0,30680.0,26153.0,41974.0,41713.0,28659.0,414673.0
56270,Callahan Divide Wind Energy Center,50012,"FPL Energy Callahan Wind, LLC",TX,TRE,ERCO,WND,WT,38634.259,37401.543,37233.343,37487.409,39078.12,41124.542,33850.246,31077.187,25280.924,35637.181,36153.856,38506.39,431465.0
56271,Diablo Winds LLC,61728,GlidePath Power Operations LLC,CA,WECC,CISO,WND,WT,3135.111,3213.702,4658.705,6280.958,6408.997,7107.584,6978.481,5945.523,3291.462,3586.143,2744.348,2694.986,56046.0
56273,Weatherford Wind Energy Center,50014,"FPL Energy Weatherford, LLC",OK,MRO,SWPP,WND,WT,38072.766,36868.8,36091.817,39159.81,31059.127,44452.916,26557.498,27153.896,26401.646,34562.863,40438.604,34239.257,415059.0
56275,Helzel & Schwarzhoff 86,56899,Wind Stream Operations LLC,CA,WECC,CISO,WND,WT,157.855,161.815,234.573,316.256,322.703,357.878,351.377,299.366,165.73,180.568,138.182,135.697,2822.0
56276,ZCO,56899,Wind Stream Operations LLC,CA,WECC,CISO,WND,WT,103.766,106.367,154.193,207.886,212.124,235.245,230.972,196.784,108.94,118.693,90.832,89.198,1855.0
56290,Maple Ridge Wind Farm,54684,"Flat Rock Windpower, LLC",NY,NPCC,NYIS,WND,WT,64816.0,59713.0,78488.0,71005.0,48672.0,42812.0,45432.0,39751.0,60821.0,68186.0,89866.0,71661.0,741223.0
56291,Horse Hollow Wind Energy Center,50063,FPL Energy Horse Hollow LLC,TX,TRE,ERCO,WND,WT,235662.0,218638.0,210407.0,246135.0,228002.0,231954.0,176682.0,164609.0,122643.0,230505.0,229165.0,219055.0,2513457.0
56293,Caprock Wind Farm,50123,"Leeward Asset Management, LLC",NM,MRO,SWPP,WND,WT,26667.818,24018.512,28192.523,25954.458,25136.614,29141.194,16746.663,18386.341,18854.758,10172.046,26503.381,26744.692,276519.0
56295,Kumeyaay Wind,50123,"Leeward Asset Management, LLC",CA,WECC,CISO,WND,WT,8028.525,8229.786,11930.21,16084.548,16412.434,18201.407,17870.792,15225.551,8428.918,9183.548,7027.845,6901.436,143525.0
56296,Trimont Area Wind Farm,15399,Avangrid Renewables LLC,MN,MRO,MISO,WND,WT,24170.149,31190.288,31001.86,25879.039,22293.942,24230.111,16425.39,21991.001,23181.57,23600.472,27860.848,25449.33,297274.0
56297,Crescent Ridge,50123,"Leeward Asset Management, LLC",IL,RFC,PJM,WND,WT,11746.005,13216.5,14069.842,13795.426,11148.7,8726.171,4989.966,4327.01,8559.163,12305.009,16807.064,12380.144,132071.0
56299,Wind Park Bear Creek,50123,"Leeward Asset Management, LLC",PA,RFC,PJM,WND,WT,1888.0,5005.0,6120.0,7083.0,5009.0,1963.0,2316.0,2861.0,4626.0,5076.0,7407.0,7855.0,57209.0
56300,Jersey-Atlantic Wind Farm,50123,"Leeward Asset Management, LLC",NJ,RFC,PJM,WND,WT,2092.0,1650.0,2051.0,2420.0,1653.0,1355.0,843.0,1092.0,1255.0,1462.0,1857.0,2269.0,19999.0
56301,Wolverine Creek,49893,Invenergy Services LLC,ID,WECC,PACE,WND,WT,17991.312,21622.99,15659.461,15092.686,16250.218,15582.718,12736.852,12514.618,9977.32,15671.452,17012.846,15304.527,185417.0
56302,Oasis Wind,2770,Terra-Gen Operating Co-Wind,CA,WECC,CISO,WND,WT,4586.426,4701.399,6815.327,9188.561,9375.871,10397.851,10208.982,8697.845,4815.157,5246.252,4014.771,3942.558,81991.0
56303,Elk River Wind,15399,Avangrid Renewables LLC,KS,MRO,SWPP,WND,WT,28609.945,29274.539,29872.254,30419.722,27613.397,37279.546,23053.84,24579.844,26041.312,29388.349,33871.09,28145.162,348149.0
56304,San Juan Mesa Wind Project LLC,59883,NRG Energy Gas & Wind Holdings Inc,NM,MRO,SWPP,WND,WT,34388.0,34510.0,38586.0,33110.0,33441.0,43856.0,23589.0,26372.0,27561.0,35212.0,39394.0,35421.0,405440.0
56307,Adams Wind Farm,56769,Consolidated Edison Development Inc.,MN,MRO,MISO,WND,WT,3893.661,5024.562,4994.208,4168.953,3591.416,3903.321,2646.029,3542.614,3734.407,3801.89,4488.21,4099.729,47889.0
56308,Fossil Gulch,60025,Greenbacker Renewable Energy Corporation,ID,WECC,IPCO,WND,WT,2664.683,3202.568,2319.313,2235.369,2406.81,2307.947,1886.447,1853.533,1477.735,2321.089,2519.762,2266.744,27462.0
56311,Sweetwater Wind 3 LLC,50123,"Leeward Asset Management, LLC",TX,TRE,ERCO,WND,WT,37796.594,36590.605,36426.052,36674.609,38230.83,40232.882,33116.307,30403.373,24732.784,34864.498,35369.97,37671.496,422110.0
56320,Spring Canyon,49893,Invenergy Services LLC,CO,WECC,PSCO,WND,WT,18812.974,15118.301,13641.192,13345.666,18822.585,13916.608,15095.513,14338.059,12404.983,13107.358,15035.531,18413.23,182052.0
56322,Wild Horse,15500,Puget Sound Energy Inc,WA,WECC,PSEI,WND,WT,66974.0,77328.0,74542.0,62160.0,64159.0,71406.0,65500.0,58612.0,38393.0,75721.0,66865.0,43248.0,764908.0
56335,Blue Canyon Windpower II,54707,Blue Canyon Windpower II LLC,OK,MRO,SWPP,WND,WT,40779.492,39489.933,38657.711,41943.818,33267.229,47613.23,28445.564,29084.362,28278.632,37020.058,43313.526,36673.445,444567.0
56336,Aragonne Wind LLC,50123,"Leeward Asset Management, LLC",NM,WECC,PNM,WND,WT,23906.225,21531.269,25273.039,23266.737,22533.585,26123.47,15012.457,16482.339,16902.248,9118.677,23758.816,23975.138,247884.0
56337,Sweetwater Wind 4 LLC,50123,"Leeward Asset Management, LLC",TX,TRE,ERCO,WND,WT,63612.0,65512.0,58674.0,66151.0,66000.0,64059.0,48227.0,39487.0,31426.0,64651.0,64861.0,66864.0,699524.0
56338,High Trail Wind Farm LLC,54709,High Trail Wind Farm LLC,IL,RFC,PJM,WND,WT,49937.0,54110.0,56260.0,57317.0,43320.0,32553.0,15929.0,15020.0,30529.0,48411.0,71244.0,50394.0,525024.0
56347,Cedar Ridge,20856,Wisconsin Power & Light Co,WI,MRO,MISO,WND,WT,16214.59,18949.571,18067.089,16616.308,15505.932,11433.428,7759.522,8179.222,14832.488,17602.185,22376.228,16488.437,184025.0
56351,Spearville,10000,Evergy Metro,KS,MRO,SWPP,WND,WT,30506.431,31215.081,31852.417,32436.175,29443.826,39750.722,24582.027,26209.186,27767.531,31336.436,36116.327,30010.841,371227.0
56355,Whispering Willow Wind Farm - East,9417,Interstate Power and Light Co,IA,MRO,MISO,WND,WT,32503.011,39212.786,39131.028,38942.849,34445.817,40404.875,22134.393,29913.178,38534.626,43030.524,49234.499,37986.414,445474.0
56357,FPL Energy Burleigh County Wind,54717,FPL Energy Burleigh County Wind LLC,ND,MRO,MISO,WND,WT,13732.151,15550.172,15680.849,15484.698,14662.385,14061.051,11132.792,11450.307,15893.573,16071.248,17779.745,16065.029,177564.0
56359,Klondike Windpower II,15399,Avangrid Renewables LLC,OR,WECC,AVRN,WND,WT,14593.525,21613.66,17294.058,19247.545,17015.217,19717.437,24243.147,21869.185,9428.958,16409.76,11848.869,8847.639,202129.0
56360,Leaning Juniper,14354,PacifiCorp,OR,WECC,PACW,WND,WT,22841.474,33829.239,27068.291,30125.848,26631.854,30861.312,37944.857,34229.181,14758.004,25684.206,18545.598,13848.136,316368.0
56361,Big Horn Wind Project,15399,Avangrid Renewables LLC,WA,WECC,AVRN,WND,WT,57077.0,63058.0,57943.0,50280.0,49686.0,47122.0,48523.0,41200.0,33831.0,57933.0,54073.0,39766.0,600492.0
56362,Shiloh I Wind Project,15399,Avangrid Renewables LLC,CA,WECC,CISO,WND,WT,22041.43,22593.965,32753.072,44158.345,45058.521,49969.947,49062.282,41800.064,23140.661,25212.414,19294.169,18947.13,394032.0
56369,Casselman Wind Power Project,15399,Avangrid Renewables LLC,PA,RFC,PJM,WND,WT,9777.077,8347.925,9602.171,9421.682,8597.703,5113.959,3826.062,4557.349,5369.932,7710.783,10994.307,11184.05,94503.0
56371,Cedar Creek Wind,50123,"Leeward Asset Management, LLC",CO,WECC,PSCO,WND,WT,99358.0,76819.0,67510.0,64666.0,72831.0,58846.0,61225.0,49980.0,31147.0,64999.0,53557.0,86078.0,787016.0
56372,Sweetwater Wind 5,50123,"Leeward Asset Management, LLC",TX,TRE,ERCO,WND,WT,17440.283,16883.811,16807.882,16922.572,17640.651,18564.447,15280.684,14028.869,11412.319,16087.342,16320.579,17382.561,194772.0
56376,Pike County Wind Power,9209,Illinois Rural Electric Coop,IL,SERC,MISO,WND,WT,214.873,241.772,257.382,252.362,203.945,159.63,91.282,79.155,156.574,225.098,307.455,226.472,2416.0
56377,Judith Gap Wind Energy Center,49893,Invenergy Services LLC,MT,WECC,NWMT,WND,WT,59514.0,55864.0,45879.0,41121.0,27889.0,36796.0,22907.0,21356.0,36093.0,50038.0,62748.0,57191.0,517396.0
56378,Pakini Nui Wind Farm,794,Apollo Energy Corp,HI,Unknown,Unknown,WND,WT,8191.0,9427.0,11247.0,7689.0,9839.0,11042.0,10472.0,11566.0,9970.0,8643.0,9669.0,11050.0,118805.0
56379,Victory Wind Farm,12341,MidAmerican Energy Co,IA,MRO,MISO,WND,WT,25856.906,31194.689,31129.649,30979.949,27402.454,32143.024,17608.428,23796.634,30655.198,34231.79,39167.197,30219.082,354385.0
56380,Centennial Wind Farm,14063,Oklahoma Gas & Electric Co,OK,MRO,SWPP,WND,WT,21664.544,20979.451,20537.325,22283.105,17673.573,25295.04,15112.012,15451.38,15023.327,19667.304,23010.777,19483.162,236181.0
56383,Northern Iowa Windpower II,15399,Avangrid Renewables LLC,IA,MRO,MISO,WND,WT,10198.442,12303.763,12278.109,12219.065,10808.035,12677.803,6945.09,9385.833,12090.977,13501.651,15448.267,11918.965,139776.0
56386,Top of Iowa Windfarm III,11479,Madison Gas & Electric Co,IA,MRO,MISO,WND,WT,3564.012,4299.75,4290.785,4270.151,3777.044,4430.465,2427.075,3280.032,4225.389,4718.372,5398.649,4165.276,48847.0
56391,Blue Sky Green Field Wind Project,20847,Wisconsin Electric Power Co,WI,RFC,MISO,WND,WT,31794.0,35220.0,33320.0,30604.0,26553.0,19508.0,12262.0,11487.0,25786.0,33576.0,44581.0,31930.0,336621.0
56392,FPL Energy Oliver Wind I LLC,55696,FPL Energy Oliver County Wind,ND,MRO,MISO,WND,WT,10170.427,11516.904,11613.687,11468.412,10859.384,10414.018,8245.266,8480.426,11771.236,11902.828,13168.19,11898.222,131509.0
56394,Forest Creek Wind Farm LLC,56215,RWE Renewables Americas LLC,TX,TRE,ERCO,WND,WT,28001.14,27107.7,26985.792,27169.933,28322.84,29806.036,24533.809,22523.965,18322.979,25828.934,26203.407,27908.465,312715.0
56395,Mesquite Wind Power LLC,54759,Mesquite Wind LLC,TX,TRE,ERCO,WND,WT,45870.0,42265.0,38227.0,45818.0,42266.0,43482.0,33056.0,30560.0,22470.0,43688.0,47401.0,49157.0,484260.0
56399,Lempster Wind LLC,15399,Avangrid Renewables LLC,NH,NPCC,ISNE,WND,WT,6764.0,5250.0,7231.0,6733.0,6153.0,3031.0,3092.0,3158.0,5113.0,5746.0,7858.0,7549.0,67678.0
56408,Agriwind,54789,"AgriWind Project, LLC",IL,RFC,MISO,WND,WT,1173.969,1320.94,1406.228,1378.801,1114.271,872.148,498.728,432.468,855.456,1229.839,1679.803,1237.349,13200.0
56409,Stahl Wind Energy,61219,Longroad Energy Services LLC,MN,MRO,MISO,WND,WT,385.555,497.535,494.53,412.812,355.624,386.509,262.011,350.792,369.783,376.466,444.425,405.958,4742.0
56410,Carstensen Wind,61219,Longroad Energy Services LLC,MN,MRO,MISO,WND,WT,356.363,459.869,457.091,381.56,328.701,357.248,242.176,324.235,341.788,347.965,410.78,375.224,4383.0
56411,Northern Lights Wind LLC,61219,Longroad Energy Services LLC,MN,MRO,MISO,WND,WT,303.354,391.46,389.095,324.8,279.805,304.105,206.15,276.003,290.945,296.203,349.673,319.407,3731.0
56412,Lucky Wind,61219,Longroad Energy Services LLC,MN,MRO,MISO,WND,WT,246.113,317.596,315.677,263.514,227.009,246.724,167.252,223.924,236.047,240.312,283.694,259.138,3027.0
56413,Greenback Energy,61219,Longroad Energy Services LLC,MN,MRO,MISO,WND,WT,260.829,336.587,334.553,279.271,240.583,261.477,177.253,237.313,250.161,254.682,300.657,274.634,3208.0
56414,Redwood Falls Wind,40580,Southern Minnesota Mun P Agny,MN,MRO,MISO,WND,WT,799.482,1031.688,1025.456,856.007,737.422,801.465,543.306,727.401,766.782,780.638,921.56,841.793,9833.0
56415,Fairmont Wind,40580,Southern Minnesota Mun P Agny,MN,MRO,MISO,WND,WT,1205.198,1555.244,1545.849,1290.409,1111.645,1208.188,819.021,1096.539,1155.905,1176.792,1389.228,1268.982,14823.0
56416,Michigan Wind 1,54800,"Michigan Wind 1, LLC",MI,RFC,MISO,WND,WT,16305.976,17970.598,15505.415,13527.485,12276.425,9083.239,6717.492,7977.979,13177.737,15823.165,22352.798,18481.691,169200.0
56424,Mower County Wind Energy Center,54819,FPL Energy Mower County LLC,MN,MRO,MISO,WND,WT,16469.336,21252.8,21124.406,17633.76,15190.904,16510.194,11192.122,14984.483,15795.726,16081.163,18984.147,17340.959,202560.0
56432,Wildorado Wind LLC,59883,NRG Energy Gas & Wind Holdings Inc,TX,MRO,SWPP,WND,WT,53531.369,51823.327,51590.27,51942.301,54146.38,56981.888,46902.673,43060.342,35029.078,49378.639,50094.539,53354.194,597835.0
56433,Pine Tree Wind Power Project,11208,Los Angeles Department of Water & Power,CA,WECC,LDWP,WND,WT,14563.893,14928.983,21641.622,29177.667,29772.459,33017.688,32417.947,27619.43,15290.213,16659.125,12748.64,12519.333,260357.0
56434,Burley Butte Windpark,56592,Idaho Wind Partners 1 LLC,ID,WECC,IPCO,WND,WT,6074.18,7300.297,5286.906,5095.553,5486.356,5260.996,4300.182,4225.153,3368.517,5290.954,5743.832,5167.074,62600.0
56435,Golden Valley Wind Park LLC,56592,Idaho Wind Partners 1 LLC,ID,WECC,IPCO,WND,WT,3218.539,3868.224,2801.385,2699.992,2907.067,2787.656,2278.547,2238.791,1784.883,2803.53,3043.497,2737.889,33170.0
56437,Milner Dam Wind Park LLC,56592,Idaho Wind Partners 1 LLC,ID,WECC,IPCO,WND,WT,5719.043,6873.475,4977.799,4797.634,5165.588,4953.405,4048.766,3978.123,3171.571,4981.611,5408.011,4864.974,58940.0
56439,Oregon Trail Wind Park,56592,Idaho Wind Partners 1 LLC,ID,WECC,IPCO,WND,WT,3921.145,4712.657,3412.926,3289.399,3541.679,3396.2,2775.953,2727.518,2174.523,3415.539,3707.892,3335.569,40411.0
56440,Pilgrim Stage Wind Park,56592,Idaho Wind Partners 1 LLC,ID,WECC,IPCO,WND,WT,3338.277,4012.131,2905.602,2800.438,3015.217,2891.363,2363.314,2322.079,1851.285,2907.827,3156.722,2839.745,34404.0
56441,Salmon Falls Wind Park,56592,Idaho Wind Partners 1 LLC,ID,WECC,IPCO,WND,WT,6400.592,7692.601,5571.014,5369.378,5781.182,5543.712,4531.266,4452.204,3549.534,5575.28,6052.495,5444.742,65964.0
56442,Thousand Springs Wind Park,56592,Idaho Wind Partners 1 LLC,ID,WECC,IPCO,WND,WT,3311.69,3980.178,2882.462,2778.134,2991.203,2868.336,2344.492,2303.586,1836.541,2884.669,3131.581,2817.128,34130.0
56443,Tuana Gulch Wind Park,56592,Idaho Wind Partners 1 LLC,ID,WECC,IPCO,WND,WT,3067.752,3687.0,2670.141,2573.498,2770.873,2657.055,2171.798,2133.905,1701.262,2672.185,2900.911,2609.62,31616.0
56446,Buena Vista Energy LLC,50123,"Leeward Asset Management, LLC",CA,WECC,CISO,WND,WT,4769.678,4889.247,7087.638,9555.695,9750.49,10813.303,10616.888,9045.372,5007.55,5455.869,4175.184,4100.086,85267.0
56447,Hawi Wind Farm,57170,"EDF Renewable Asset Holdings, Inc.",HI,Unknown,Unknown,WND,WT,2329.06,2387.413,2391.771,2380.244,2261.037,2397.124,1767.008,1791.916,1809.896,2226.542,2557.922,2358.067,26658.0
56448,Mars Hill Wind Farm Project,59155,"Evergreen Wind, LLC",ME,NPCC,NBSO,WND,WT,9908.517,11665.078,14669.642,14604.201,13216.256,6867.536,5113.194,7563.265,10674.587,10940.881,13806.244,13380.599,132410.0
56449,Kaheawa Pastures Wind Farm Hybrid,59155,"Evergreen Wind, LLC",HI,Unknown,Unknown,WND,WT,9296.0,8761.0,8181.0,6071.0,10439.0,9359.0,12008.0,13161.0,9410.0,2346.0,11901.0,7570.0,108503.0
56450,GSG LLC,50123,"Leeward Asset Management, LLC",IL,RFC,PJM,WND,WT,16698.91,18789.464,20002.631,19612.503,15849.741,12405.71,7094.071,6151.568,12168.281,17493.627,23894.05,17600.444,187761.0
56451,Allegheny Ridge Wind Farm,50123,"Leeward Asset Management, LLC",PA,RFC,PJM,WND,WT,24614.0,21460.0,20708.0,21631.0,21317.0,11479.0,7678.0,9853.0,9262.0,16758.0,23768.0,25518.0,214046.0
56457,Post Wind Farm LP,54870,FPL Energy Red Canyon LLC,TX,TRE,ERCO,WND,WT,29816.785,28865.411,28735.599,28931.68,30159.344,31738.712,26124.625,23984.459,19511.074,27503.729,27902.483,29718.099,332992.0
56459,MinnDakota Wind LLC,15399,Avangrid Renewables LLC,MN,MRO,MISO,WND,WT,34615.527,44669.49,44399.631,37062.931,31928.497,34701.402,23523.79,31494.637,33199.722,33799.657,39901.198,36447.518,425744.0
56460,Twin Buttes Wind Project,15399,Avangrid Renewables LLC,CO,WECC,PSCO,WND,WT,27423.133,22037.515,19884.376,19453.597,27437.145,20285.842,22004.298,20900.179,18082.39,19106.222,21916.864,26840.439,265372.0
56466,Marengo Wind Plant,14354,PacifiCorp,WA,WECC,PACW,WND,WT,66469.522,68242.852,64637.439,56087.274,55541.184,52854.175,51278.031,44309.187,35381.531,61936.025,52781.018,39311.762,648830.0
56468,Klondike Windpower III,15399,Avangrid Renewables LLC,OR,WECC,AVRN,WND,WT,56286.0,83357.0,67611.0,77193.0,74821.0,101222.0,104932.0,97981.0,26408.0,50470.0,44200.0,33939.0,818420.0
56470,Locust Ridge,15399,Avangrid Renewables LLC,PA,RFC,PJM,WND,WT,7048.274,6018.0,6922.183,6792.069,6198.065,3686.641,2758.2,3285.382,3871.172,5558.686,7925.771,8062.557,68127.0
56479,Sand Bluff Wind Farm,56215,RWE Renewables Americas LLC,TX,TRE,ERCO,WND,WT,12813.826,12404.97,12349.183,12433.449,12961.04,13639.777,11227.111,10307.371,8384.924,11819.784,11991.15,12771.415,143104.0
56483,Post Oak Wind LLC,54759,Mesquite Wind LLC,TX,TRE,ERCO,WND,WT,51009.0,46500.0,42712.0,48408.0,46287.0,48072.0,36960.0,35356.0,26588.0,45261.0,49955.0,51485.0,528593.0
56484,Buffalo Gap 2 Wind Farm,19740,AES Wind Generation Inc,TX,TRE,ERCO,WND,WT,54598.0,51759.0,27221.0,4402.0,50011.0,53998.0,42596.0,36088.0,25451.0,46126.0,50396.0,40859.0,483505.0
56485,Biglow Canyon Wind Farm,15248,Portland General Electric Co,OR,WECC,PGE,WND,WT,68516.0,119892.0,95639.0,111296.0,107867.0,142627.0,151658.0,135252.0,39915.0,71509.0,61517.0,46401.0,1152089.0
56487,White Creek Wind Farm,55907,White Creek Wind 1 LLC,WA,WECC,BPAT,WND,WT,66243.323,68010.618,64417.475,55896.406,55352.174,52674.31,51103.53,44158.401,35261.126,61725.253,52601.402,39177.982,646622.0
56488,Smoky Hills Wind Project Phase I,55886,Smoky Hills Wind Farm I LLC,KS,MRO,SWPP,WND,WT,22606.483,23131.619,23603.91,24036.499,21819.048,29456.869,18216.261,19422.051,20576.847,23221.547,26763.637,22239.229,275094.0
56493,Buffalo Mountain Energy Center,49893,Invenergy Services LLC,TN,SERC,TVA,WND,WT,3423.522,3509.295,3515.701,3498.756,3323.532,3523.569,2597.353,2633.964,2660.394,3272.827,3759.928,3466.159,39185.0
56494,Prairie Star Wind Farm,54904,High Prairie Wind Farm II LLC,MN,MRO,MISO,WND,WT,23538.971,30375.787,30192.279,25203.235,21711.759,23597.367,15996.458,21416.729,22576.207,22984.17,27133.291,24784.747,289511.0
56495,NedPower Mount Storm,62810,NedPower Mt Storm LLC,WV,RFC,PJM,WND,WT,74438.0,68895.0,61958.0,72290.0,64440.0,38371.0,27088.0,32180.0,26474.0,42128.0,62849.0,81850.0,652961.0
56501,Pomeroy Wind Farm,12341,MidAmerican Energy Co,IA,MRO,MISO,WND,WT,65490.0,57593.0,72965.0,68079.0,66944.0,93713.0,46532.0,67097.0,84035.0,103880.0,104239.0,86648.0,917215.0
56506,Scurry County Wind LP,49893,Invenergy Services LLC,TX,TRE,ERCO,WND,WT,27951.265,27059.416,26937.726,27121.538,28272.392,29752.946,24490.11,22483.846,18290.343,25782.929,26156.734,27858.755,312158.0
56536,Cow Branch,55734,"Cow Branch Wind Power, LLC",MO,SERC,AECI,WND,WT,9280.0,8137.0,10148.0,9202.0,6986.0,5988.0,2209.0,4010.0,4283.0,8481.0,12532.41,8541.0,89797.41
56537,Conception,55735,"CR Clearing, LLC",MO,SERC,AECI,WND,WT,7766.0,7023.0,7428.0,7762.0,6341.0,5700.0,3097.0,4335.0,6593.0,8734.0,10618.74,7672.0,83069.74
56538,Loess Hills,55736,Loess Hills Wind Farm LLC,MO,SERC,AECI,WND,WT,649.0,541.0,360.0,247.0,475.0,408.0,334.0,418.0,606.0,616.0,1098.9,548.0,6300.9
56543,Eastridge Wind Project,62005,Eastridge Wind Project,MN,MRO,MISO,WND,WT,1521.233,1963.072,1951.213,1628.79,1403.149,1525.009,1033.791,1384.082,1459.015,1485.38,1753.522,1601.744,18710.0
56544,Windom Wind Project,60661,Midwest Power Partners LLC,MN,MRO,MISO,WND,WT,2452.187,3164.418,3145.301,2625.564,2261.837,2458.271,1666.442,2231.102,2351.891,2394.391,2826.629,2581.967,30160.0
56555,Bluegrass Ridge,55737,"Wind Capital Holdings, LLC",MO,SERC,AECI,WND,WT,8850.0,8142.0,8387.0,6578.0,5951.0,5341.0,2167.0,3691.0,6041.0,9614.0,12698.73,8471.0,85931.73
56560,Porterhouse Wind (4) LLC,61728,GlidePath Power Operations LLC,TX,MRO,SWPP,WND,WT,6402.077,6197.804,6169.932,6212.033,6475.629,6814.742,5609.319,5149.796,4189.298,5905.432,5991.05,6380.888,71498.0
56561,Filet Wind (5) LLC,61728,GlidePath Power Operations LLC,TX,MRO,SWPP,WND,WT,485.945,470.439,468.324,471.52,491.528,517.268,425.771,390.891,317.985,448.247,454.746,484.336,5427.0
56562,Tenderloin Wind (6) LLC,61728,GlidePath Power Operations LLC,TX,MRO,SWPP,WND,WT,525.879,509.101,506.812,510.27,531.922,559.778,460.762,423.015,344.118,485.085,492.118,524.14,5873.0
56563,Peetz Table Wind Energy,55785,FPL Peetz Table Wind Energy,CO,WECC,PSCO,WND,WT,69519.604,55866.677,50408.315,49316.259,69555.124,51426.061,55782.47,52983.449,45840.151,48435.639,55560.818,68042.433,672737.0
56570,Terra-Gen VG Wind LLC,2770,Terra-Gen Operating Co-Wind,CA,WECC,CISO,WND,WT,605.253,620.423,899.389,1212.575,1237.293,1372.16,1347.235,1147.817,635.436,692.325,529.812,520.282,10820.0
56573,FPL Energy Oliver Wind II LLC,54799,FPL Energy Oliver County Wind II LLC,ND,MRO,MISO,WND,WT,13748.47,15568.65,15699.482,15503.098,14679.809,14077.759,11146.021,11463.913,15912.459,16090.346,17800.873,16084.12,177775.0
56575,Steel Winds Wind Farm,59155,"Evergreen Wind, LLC",NY,NPCC,NYIS,WND,WT,4411.03,4471.053,5389.564,5149.04,3634.408,2772.329,3118.95,2831.762,4017.976,4295.781,6426.915,5179.192,51698.0
56577,Shane's Wind Machine,55832,Shane's Wind Machine LLC,MN,MRO,MISO,WND,WT,420.433,542.547,539.269,450.159,387.797,421.476,285.715,382.527,403.237,410.524,484.632,442.684,5171.0
56580,Blue Breezes LLC,56807,Moore 1,MN,MRO,MISO,WND,WT,115.293,148.778,147.879,123.443,106.342,115.578,78.349,104.897,110.576,112.574,132.897,121.394,1418.0
56581,Blue Breezes II LLC,56807,Moore 1,MN,MRO,MISO,WND,WT,105.779,136.502,135.678,113.258,97.568,106.041,71.885,96.242,101.453,103.286,121.931,111.377,1301.0
56586,Sunset Breeze LLC,60661,Midwest Power Partners LLC,MN,MRO,MISO,WND,WT,163.263,210.681,209.409,174.805,150.589,163.667,110.949,148.543,156.585,159.414,188.192,171.903,2008.0
56587,Minnesota Breeze LLC,60661,Midwest Power Partners LLC,MN,MRO,MISO,WND,WT,163.263,210.681,209.409,174.805,150.589,163.667,110.949,148.543,156.585,159.414,188.192,171.903,2008.0
56588,G Flow Wind LLC,60661,Midwest Power Partners LLC,MN,MRO,MISO,WND,WT,163.263,210.681,209.409,174.805,150.589,163.667,110.949,148.543,156.585,159.414,188.192,171.903,2008.0
56589,Wolf Wind Enterprises LLC,60661,Midwest Power Partners LLC,MN,MRO,MISO,WND,WT,163.263,210.681,209.409,174.805,150.589,163.667,110.949,148.543,156.585,159.414,188.192,171.903,2008.0
56590,Green Acres Breeze LLC,60661,Midwest Power Partners LLC,MN,MRO,MISO,WND,WT,163.263,210.681,209.409,174.805,150.589,163.667,110.949,148.543,156.585,159.414,188.192,171.903,2008.0
56591,Horseshoe Bend Wind Park,61185,Cycle Power Partners,MT,WECC,NWMT,WND,WT,2405.38,2508.583,1983.627,2032.678,1598.361,1813.813,1277.29,1230.244,1715.381,1937.999,2897.447,2476.197,23877.0
56592,Champion Wind Farm LLC,56215,RWE Renewables Americas LLC,TX,TRE,ERCO,WND,WT,30311.148,29343.999,29212.035,29411.366,30659.385,32264.939,26557.77,24382.121,19834.567,27959.74,28365.105,30210.825,338513.0
56593,Roscoe Wind Farm LLC,56215,RWE Renewables Americas LLC,TX,TRE,ERCO,WND,WT,48725.0,47087.0,41902.0,42293.0,50976.0,54441.0,40421.0,33073.0,25051.0,41225.0,41220.0,44301.0,510715.0
56594,Munnsville Wind Farm LLC,56215,RWE Renewables Americas LLC,NY,NPCC,NYIS,WND,WT,7611.07,7714.637,9299.495,8884.479,6271.038,4783.552,5381.634,4886.101,6932.87,7412.212,11089.407,8936.505,89203.0
56602,Snyder Wind Farm,55847,Snyder Wind Farm LLC,TX,TRE,ERCO,WND,WT,4793.186,4640.248,4619.38,4650.901,4848.254,5102.144,4199.654,3855.612,3136.495,4421.351,4485.453,4777.322,53530.0
56605,"Langdon Renewables, LLC",55799,FPL Energy Langdon Wind LLC,ND,MRO,MISO,WND,WT,39523.284,44755.829,45131.938,44567.385,42200.641,40469.906,32041.919,32955.776,45744.191,46255.57,51172.89,46237.671,511057.0
56607,Prairie Winds ND1,1307,Basin Electric Power Coop,ND,MRO,SWPP,WND,WT,21958.265,24865.352,25074.31,24760.656,23445.746,22484.187,17801.784,18309.502,25414.464,25698.575,28430.529,25688.63,283932.0
56608,Prairie Winds SD1,1307,Basin Electric Power Coop,SD,MRO,SWPP,WND,WT,22469.556,28874.417,30069.633,25933.231,24997.286,25606.412,19282.407,23672.848,26153.313,27441.591,30024.203,29187.103,313712.0
56613,Logan Wind Energy,55862,Logan Wind Energy LLC,CO,WECC,PSCO,WND,WT,63314.0,55954.0,43433.0,43220.0,51268.0,30420.0,39608.0,36880.0,35759.0,47466.0,46750.0,63316.0,557388.0
56614,Old Trail Wind Farm,55866,Old Trail Wind Farm LLC,IL,RFC,PJM,WND,WT,52280.0,55933.0,59472.0,57313.0,45209.0,33129.0,16093.0,15415.0,31927.0,51874.0,72220.0,51167.0,542032.0
56617,Fenton Wind Farm,57170,"EDF Renewable Asset Holdings, Inc.",MN,MRO,MISO,WND,WT,48270.0,63677.0,65127.0,47893.0,32236.0,27913.0,31438.0,45521.0,32641.0,27139.0,26868.0,39140.0,487863.0
56618,Clinton,63858,"Valcour Operating Services, LLC",NY,NPCC,NYIS,WND,WT,15010.712,15214.967,18340.657,17522.153,12367.87,9434.22,10613.77,9636.468,13673.149,14618.517,21870.757,17624.76,175928.0
56619,Ellenburg,63858,"Valcour Operating Services, LLC",NY,NPCC,NYIS,WND,WT,14268.316,14462.469,17433.57,16655.547,11756.183,8967.625,10088.837,9159.871,12996.906,13895.518,20789.079,16753.079,167227.0
56620,Bliss,63858,"Valcour Operating Services, LLC",NY,NPCC,NYIS,WND,WT,16745.671,16973.534,20460.495,19547.387,13797.365,10524.64,11840.524,10750.265,15253.511,16308.145,24398.609,19661.854,196262.0
56621,Sleeping Bear LLC,59883,NRG Energy Gas & Wind Holdings Inc,OK,MRO,SWPP,WND,WT,17182.502,16639.145,16288.487,17673.093,14017.199,20061.909,11985.583,12254.741,11915.246,15598.459,18250.222,15452.414,187319.0
56622,Providence Heights Wind LLC,15399,Avangrid Renewables LLC,IL,RFC,PJM,WND,WT,16332.757,18377.471,19564.037,19182.463,15502.206,12133.692,6938.521,6016.684,11901.469,17110.048,23370.13,17214.522,183644.0
56623,Elkhorn Valley Wind Farm,55880,Telocaset Wind Power Partners,OR,WECC,IPCO,WND,WT,21329.842,31590.445,25276.931,28132.141,24869.378,28818.934,35433.695,31963.92,13781.33,23984.444,17318.264,12931.676,295431.0
56624,BC Energy LLC,57158,Ewington Wind Project,MN,MRO,MISO,WND,WT,349.857,451.475,448.748,374.596,322.702,350.728,237.755,318.317,335.55,341.614,403.282,368.376,4303.0
56625,KC Energy LLC,57158,Ewington Wind Project,MN,MRO,MISO,WND,WT,349.857,451.475,448.748,374.596,322.702,350.728,237.755,318.317,335.55,341.614,403.282,368.376,4303.0
56626,K&D Energy LLC,57158,Ewington Wind Project,MN,MRO,MISO,WND,WT,349.857,451.475,448.748,374.596,322.702,350.728,237.755,318.317,335.55,341.614,403.282,368.376,4303.0
56627,KSS Turbines LLC,57158,Ewington Wind Project,MN,MRO,MISO,WND,WT,349.857,451.475,448.748,374.596,322.702,350.728,237.755,318.317,335.55,341.614,403.282,368.376,4303.0
56628,Prairie Wind Power LLC,57158,Ewington Wind Project,MN,MRO,MISO,WND,WT,349.857,451.475,448.748,374.596,322.702,350.728,237.755,318.317,335.55,341.614,403.282,368.376,4303.0
56630,Taconite Ridge 1 Wind Energy Center,12647,"ALLETE, Inc.",MN,MRO,MISO,WND,WT,4831.12,6234.301,6196.639,5172.691,4456.104,4843.104,3283.1,4395.552,4633.522,4717.252,5568.814,5086.801,59419.0
56633,Dutch Hill Wind Project,59155,"Evergreen Wind, LLC",NY,NPCC,NYIS,WND,WT,4691.148,4754.98,5731.82,5476.021,3865.205,2948.381,3317.014,3011.588,4273.131,4568.577,6835.047,5508.088,54981.0
56634,Cohocton Wind Project,59155,"Evergreen Wind, LLC",NY,NPCC,NYIS,WND,WT,9882.626,10017.102,12074.968,11536.088,8142.654,6211.223,6987.805,6344.377,9002.013,9624.417,14399.085,11603.642,115826.0
56635,Harvest,55873,"Harvest Windfarm, LLC",MI,RFC,MISO,WND,WT,11880.62,13093.471,11297.326,9856.196,8944.667,6618.095,4894.399,5812.797,9601.368,11528.84,16286.365,13465.856,123280.0
56636,Mountain Home,55891,"Hot Springs Windfarm, LLC",ID,WECC,IPCO,WND,WT,3190.0,4436.0,3062.0,2943.0,3261.0,3205.0,2627.0,2549.0,2075.0,3678.0,3112.56,2938.0,37076.56
56637,Bennett Creek Windfarm LLC - Mountain Home,55890,Bennett Creek Windfarm LLC,ID,WECC,IPCO,WND,WT,0.0,4730.0,3368.0,3478.0,3751.0,3610.0,2843.0,3193.0,2150.0,3913.0,3500.0,3078.0,37614.0
56638,Buffalo Gap 3 Wind Farm,19740,AES Wind Generation Inc,TX,TRE,ERCO,WND,WT,36125.738,34973.063,34815.784,35053.353,36540.779,38454.328,31652.352,29059.347,23639.435,33323.261,33806.388,36006.172,403450.0
56640,Camp Grove Wind Farm,55931,Orion Energy Group LLC,IL,RFC,PJM,WND,WT,35510.783,39956.42,42536.26,41706.639,33705.0,26381.154,15085.778,13081.514,25876.253,37200.779,50811.491,37427.929,399280.0
56644,Stanton Wind Energy LLC,49893,Invenergy Services LLC,TX,TRE,ERCO,WND,WT,24583.769,23799.367,23692.337,23854.004,24866.206,26168.387,21539.604,19775.05,16086.769,22676.667,23005.437,24502.403,274550.0
56645,Osceola Windpower LLC,55901,Osceola Windpower LLC,IA,MRO,SWPP,WND,WT,31872.0,38638.0,38219.0,35018.0,32760.0,32460.0,21034.0,29484.0,32510.0,36829.0,41982.0,34587.0,405393.0
56647,Butler Ridge,56484,Butler Ridge Wind Energy Center,WI,MRO,MISO,WND,WT,12692.0,16345.0,15244.0,12610.0,12197.0,9332.0,6027.0,6693.0,12086.0,13966.0,18776.0,13679.0,149647.0
56648,Majestic 1 Wind Farm,58353,NextEra Energy Majestic Wind,TX,MRO,SWPP,WND,WT,26054.319,25222.994,25109.563,25280.901,26353.65,27733.724,22828.057,20957.951,17049.045,24033.137,24381.574,25968.085,290973.0
56649,South Trent Wind Farm,55397,NRG Energy Inc,TX,TRE,ERCO,WND,WT,19386.391,18767.822,18683.421,18810.909,19609.116,20635.996,16985.807,15594.307,12685.784,17882.479,18141.742,19322.226,216506.0
56650,Wessington Springs,59102,Wessington Wind,SD,MRO,SWPP,WND,WT,19866.0,20335.0,20378.0,19644.0,18099.0,18834.0,13839.0,14854.0,16676.0,19154.0,21536.0,21576.0,224791.0
56651,North Allegheny Windpower Project,56385,Duke Energy DEGS North Allegheny,PA,RFC,PJM,WND,WT,19076.0,16039.0,16006.0,14083.0,16053.0,8472.0,5745.0,7444.0,6899.0,11750.0,17776.0,19589.0,158932.0
56654,Hatchet Ridge Wind Project,56545,Pattern Operators LP,CA,WECC,CISO,WND,WT,15756.495,16151.481,23413.802,31566.955,32210.453,35721.425,35072.574,29881.118,16542.291,18023.3,13792.595,13544.511,281677.0
56659,Michigan Wind 2,56951,"Michigan Wind 2, LLC",MI,RFC,MISO,WND,WT,32635.082,35966.686,31032.823,27074.158,24570.263,18179.362,13444.512,15967.274,26374.167,31668.774,44737.303,36989.596,338640.0
56661,Pattern Gulf Wind,56545,Pattern Operators LP,TX,TRE,ERCO,WND,WT,14113.0,3870.0,0.0,0.0,0.0,22.0,150.0,976.0,393.0,27.0,1493.0,858.0,21902.0
56665,Dempsey Ridge Wind Farm,55918,Acciona Wind Energy USA LLC,OK,MRO,SWPP,WND,WT,31677.451,30675.722,30029.254,32581.897,25841.935,36985.888,22096.473,22592.69,21966.8,28757.127,33645.884,28487.879,345339.0
56666,Goodnoe Hills,14354,PacifiCorp,WA,WECC,PACW,WND,WT,33482.37,34375.642,32559.505,28252.572,27977.492,26623.978,25830.035,22319.653,17822.568,31198.734,26587.127,19802.324,326832.0
56669,Tatanka Wind Power LLC,55918,Acciona Wind Energy USA LLC,ND,MRO,MISO,WND,WT,24082.0,55437.0,51834.0,46513.0,23065.0,31563.0,22768.0,18271.0,20846.0,21128.0,35503.0,22188.0,373198.0
56670,Velva Windfarm LLC,55918,Acciona Wind Energy USA LLC,ND,MRO,MISO,WND,WT,2327.9,2636.096,2658.248,2624.997,2485.597,2383.657,1887.253,1941.079,2694.31,2724.43,3014.057,2723.376,30101.0
56673,Whirlwind Energy Center,55922,Whirlwind Energy LLC,TX,TRE,ERCO,WND,WT,16082.377,15569.233,15499.216,15604.976,16267.145,17119.015,14090.926,12936.577,10523.753,14834.777,15049.855,16029.15,179607.0
56677,Charles City Wind Farm,12341,MidAmerican Energy Co,IA,MRO,MISO,WND,WT,18019.832,21739.763,21694.436,21590.109,19096.932,22400.663,12271.417,16584.015,21363.788,23856.337,27295.851,21059.857,246973.0
56679,Benton County Wind Farm,55931,Orion Energy Group LLC,IN,RFC,MISO,WND,WT,33777.845,31849.582,34796.806,33868.28,26989.079,19611.095,10396.419,8704.628,18543.662,30453.071,40262.29,34058.243,323311.0
56699,Forward Windpower LLC,59883,NRG Energy Gas & Wind Holdings Inc,PA,RFC,PJM,WND,WT,6255.579,5341.177,6143.67,6028.189,5500.991,3272.018,2447.995,2915.887,3435.795,4933.521,7034.388,7155.79,60465.0
56700,Lookout Windpower LLC,59883,NRG Energy Gas & Wind Holdings Inc,PA,RFC,PJM,WND,WT,11143.549,9514.654,10944.197,10738.482,9799.342,5828.7,4360.803,5194.296,6120.448,8788.463,12530.902,12747.164,107711.0
56702,Tuolumne Wind Project,19281,Turlock Irrigation District,WA,WECC,BPAT,WND,WT,43269.165,44423.538,42076.549,36510.712,36155.228,34406.086,33380.076,28843.619,23032.05,40318.03,34358.464,25590.483,422364.0
56750,Jeffers Wind 20 LLC,13781,Northern States Power Co - Minnesota,MN,MRO,MISO,WND,WT,8080.918,10427.994,10364.996,8652.26,7453.637,8100.966,5491.577,7352.354,7750.402,7890.456,9314.847,8508.593,99389.0
56751,Spanish Fork Wind Park 2 LLC,59883,NRG Energy Gas & Wind Holdings Inc,UT,WECC,PACE,WND,WT,4562.0,3218.0,2045.0,2661.0,2753.0,2902.0,4871.0,4754.0,4587.0,4642.0,4512.0,4805.0,46312.0
56752,Mountain Wind Power LLC,59883,NRG Energy Gas & Wind Holdings Inc,WY,WECC,PACE,WND,WT,12214.0,10782.0,9773.0,10386.0,10595.0,6207.0,4160.0,5038.0,4249.0,6881.0,9626.0,20463.0,110374.0
56753,Mountain Wind Power II LLC,59883,NRG Energy Gas & Wind Holdings Inc,WY,WECC,PACE,WND,WT,22003.0,19725.0,11377.0,12778.0,8827.0,10078.0,8565.0,6515.0,10393.0,19603.0,12797.0,13642.0,156303.0
56754,Goat Wind LP,59883,NRG Energy Gas & Wind Holdings Inc,TX,TRE,ERCO,WND,WT,27253.376,26383.793,26265.142,26444.364,27566.483,29010.07,23878.638,21922.467,17833.667,25139.177,25503.649,27163.174,304364.0
56755,Odin Wind Farm LLC,59883,NRG Energy Gas & Wind Holdings Inc,MN,MRO,MISO,WND,WT,4712.005,6080.592,6043.858,5045.156,4346.237,4723.696,3202.154,4287.178,4519.281,4600.946,5431.513,4961.384,57954.0
56763,Capricorn Ridge Wind LLC,55958,Capricorn Ridge Wind LLC,TX,TRE,ERCO,WND,WT,205720.0,195826.0,179554.0,204653.0,214170.0,208214.0,168740.0,163416.0,113340.0,198352.0,197702.0,209724.0,2259411.0
56764,Winnebago Wind Power Project,15399,Avangrid Renewables LLC,IA,MRO,MISO,WND,WT,4518.072,5450.763,5439.399,5413.241,4788.132,5616.469,3076.786,4158.074,5356.496,5981.447,6843.829,5280.292,61923.0
56765,Barton Windpower LLC,15399,Avangrid Renewables LLC,IA,MRO,MISO,WND,WT,29783.542,35931.923,35857.006,35684.572,31563.798,37024.272,20282.449,27410.397,35310.504,39430.239,45115.138,34808.16,408202.0
56767,Farmers City Wind LLC,15399,Avangrid Renewables LLC,MO,SERC,MISO,WND,WT,24725.772,25496.411,26595.094,26725.801,20834.315,21874.261,12828.179,15561.471,22306.351,26927.867,30257.548,22673.93,276807.0
56770,Locust Ridge II LLC,15399,Avangrid Renewables LLC,PA,RFC,PJM,WND,WT,20881.725,17829.365,20508.163,20122.678,18362.838,10922.311,8171.642,9733.513,11469.015,16468.568,23481.466,23886.716,201838.0
56771,Silver Star I Wind Power Project,62076,Silver Star I Power Partners LLC,TX,TRE,ERCO,WND,WT,5804.206,5619.008,5593.739,5631.908,5870.888,6178.332,5085.48,4668.871,3798.071,5353.94,5431.562,5784.995,64821.0
56773,McAdoo Wind Energy LLC,49893,Invenergy Services LLC,TX,TRE,ERCO,WND,WT,40004.88,38728.431,38554.263,38817.342,40464.486,42583.509,35051.145,32179.707,26177.81,36901.475,37436.479,39872.473,446772.0
56774,Turkey Track Wind Energy LLC,49893,Invenergy Services LLC,TX,TRE,ERCO,WND,WT,34625.642,33520.829,33370.081,33597.785,35023.447,36857.536,30338.008,27852.677,22657.823,31939.534,32402.599,34511.039,386697.0
56775,Scurry County Wind II,49893,Invenergy Services LLC,TX,TRE,ERCO,WND,WT,25037.478,24238.599,24129.595,24294.246,25325.129,26651.341,21937.131,20140.011,16383.661,23095.18,23430.018,24954.611,279617.0
56776,Gunsight Mountain Wind Energy LLC,49893,Invenergy Services LLC,TX,TRE,ERCO,WND,WT,45457.631,44007.2,43809.294,44108.231,45979.884,48387.735,39828.693,36565.871,29745.903,41931.226,42539.153,45307.179,507668.0
56777,Fowler Ridge Wind Farm LLC,55963,AE Power Services LLC,IN,RFC,PJM,WND,WT,148688.0,134131.0,147698.0,149745.0,112358.0,88488.0,41225.0,35630.0,81861.0,128615.0,159279.0,141785.0,1369503.0
56779,Sherbino I Wind Farm,62811,Sherbino Mesa I Windfarm LLC,TX,TRE,ERCO,WND,WT,10666.069,10325.744,10279.307,10349.449,10788.61,11353.582,9345.309,8579.728,6979.507,9838.642,9981.285,10630.768,119118.0
56782,Diamond Willow Wind Facility,12199,Montana-Dakota Utilities Co,MT,MRO,MISO,WND,WT,9927.067,10352.987,8186.479,8388.916,6596.476,7485.652,5271.411,5077.248,7079.422,7998.172,11957.84,10219.33,98541.0
56783,Elbow Creek Wind Project LLC,55981,Elbow Creek Wind Project LLC,TX,TRE,ERCO,WND,WT,26634.461,25784.626,25668.669,25843.822,26940.458,28351.262,23336.362,21424.615,17428.671,24568.275,24924.471,26546.308,297452.0
56784,Cloud County Wind Farm,55990,"Cloud County Windfarm, LLC",KS,MRO,SWPP,WND,WT,45274.0,22481.0,46949.0,49150.0,34737.0,55758.0,31408.0,36308.0,44532.0,41387.0,48822.0,33830.0,490636.0
56789,Pebble Springs Wind LLC,15399,Avangrid Renewables LLC,OR,WECC,AVRN,WND,WT,18462.095,27343.185,21878.508,24349.841,21525.749,24944.296,30669.718,27666.446,11928.463,20759.792,14989.864,11193.043,255711.0
56790,Hay Canyon Wind Power LLC,15399,Avangrid Renewables LLC,OR,WECC,AVRN,WND,WT,16188.548,23975.958,19184.239,21351.235,18874.921,21872.485,26892.839,24259.411,10459.51,18203.289,13143.91,9814.655,224221.0
56791,Dillon Wind LLC,15399,Avangrid Renewables LLC,CA,WECC,CISO,WND,WT,8023.995,8225.141,11923.477,16075.47,16403.172,18191.134,17860.707,15216.958,8424.161,9178.365,7023.878,6897.542,143444.0
56792,Buffalo Ridge I LLC,15399,Avangrid Renewables LLC,SD,MRO,MISO,WND,WT,10227.0,15256.0,13972.0,12847.0,9734.0,8532.0,6169.0,8022.0,6650.0,6021.0,8733.0,9135.0,115298.0
56793,Elm Creek Wind LLC,15399,Avangrid Renewables LLC,MN,MRO,MISO,WND,WT,19650.187,25357.52,25204.329,21039.506,18124.843,19698.937,13353.744,17878.553,18846.479,19187.044,22650.704,20690.154,241682.0
56794,Moraine II Wind LLC,15399,Avangrid Renewables LLC,MN,MRO,MISO,WND,WT,10493.836,13541.735,13459.926,11235.776,9679.252,10519.869,7131.331,9547.725,10064.629,10246.502,12096.208,11049.211,129066.0
56795,Penascal Wind Power LLC,15399,Avangrid Renewables LLC,TX,TRE,ERCO,WND,WT,25330.0,34001.0,44220.0,35587.0,44064.0,37247.0,33310.0,25727.0,23079.0,20534.0,19684.0,30977.0,373760.0
56796,South Chestnut LLC,15399,Avangrid Renewables LLC,PA,RFC,PJM,WND,WT,11182.76,9548.133,10982.706,10776.267,9833.823,5849.209,4376.147,5212.573,6141.984,8819.387,12574.994,12792.017,108090.0
56797,Pioneer Prairie Wind Farm,55992,"Pioneer Prairie Wind Farm I, LLC",IA,MRO,MISO,WND,WT,74251.0,84208.0,81745.0,71643.0,71013.0,71269.0,32499.0,47047.0,61535.0,78250.0,98750.0,64353.0,836563.0
56800,Hull Wind II,8797,Hull Municipal Light Plant,MA,NPCC,ISNE,WND,WT,234.925,250.358,315.447,362.449,300.719,165.913,174.444,196.254,220.077,234.141,387.961,356.312,3199.0
56804,Red Hills Wind Project LLC,55918,Acciona Wind Energy USA LLC,OK,MRO,SWPP,WND,WT,36721.052,35559.833,34810.436,37769.504,29956.423,42874.687,25614.617,26189.841,25464.299,33335.764,39002.897,33023.647,400323.0
56805,EcoGrove Wind LLC,55918,Acciona Wind Energy USA LLC,IL,RFC,PJM,WND,WT,23143.376,26040.722,27722.076,27181.389,21966.496,17193.34,9831.825,8525.591,16864.282,24244.793,33115.277,24392.833,260222.0
56809,Carroll Wind Farm,12341,MidAmerican Energy Co,IA,MRO,MISO,WND,WT,37947.127,45780.761,45685.308,45465.611,40215.345,47172.519,25841.81,34923.508,44989.012,50237.954,57481.068,44348.977,520089.0
56810,Adair Wind Farm,12341,MidAmerican Energy Co,IA,MRO,MISO,WND,WT,35588.68,42935.445,42845.925,42639.882,37715.925,44240.705,24235.718,32752.98,42192.904,47115.62,53908.568,41592.648,487765.0
56811,Walnut Wind Farm,12341,MidAmerican Energy Co,IA,MRO,MISO,WND,WT,39551.068,47715.811,47616.324,47387.341,41915.157,49166.396,26934.085,36399.647,46890.597,52361.4,59910.665,46223.509,542072.0
56818,Central Plains Wind Farm,22500,"Evergy Kansas Central, Inc",KS,MRO,SWPP,WND,WT,19762.819,20221.899,20634.781,21012.954,19074.436,25751.497,15924.843,16978.956,17988.491,20300.515,23397.047,19441.762,240490.0
56819,Flat Ridge Wind Farm,22500,"Evergy Kansas Central, Inc",KS,MRO,SWPP,WND,WT,9943.945,10174.939,10382.687,10572.97,9597.577,12957.236,8012.814,8543.206,9051.168,10214.496,11772.56,9782.402,121006.0
56823,Hackberry Wind Farm,56033,Hackberry Wind LLC,TX,TRE,ERCO,WND,WT,37444.961,36250.193,36087.171,36333.415,37875.159,39858.585,32808.217,30120.523,24502.689,34540.144,35040.914,37321.029,418183.0
56824,Marshall Wind 2 LLC,63166,"Marshall Wind Farm, LLC",MN,MRO,MISO,WND,WT,522.309,674.013,669.941,559.238,481.765,523.605,354.948,475.219,500.947,509.999,602.064,549.952,6424.0
56825,Marshall Wind 3 LLC,63166,"Marshall Wind Farm, LLC",MN,MRO,MISO,WND,WT,522.309,674.013,669.941,559.238,481.765,523.605,354.948,475.219,500.947,509.999,602.064,549.952,6424.0
56826,Marshall Wind 4 LLC,63166,"Marshall Wind Farm, LLC",MN,MRO,MISO,WND,WT,522.309,674.013,669.941,559.238,481.765,523.605,354.948,475.219,500.947,509.999,602.064,549.952,6424.0
56827,Marshall Wind 5 LLC,63166,"Marshall Wind Farm, LLC",MN,MRO,MISO,WND,WT,261.156,337.006,334.97,279.619,240.883,261.803,177.474,237.609,250.473,254.999,301.032,274.976,3212.0
56828,Marshall Wind 6 LLC,63166,"Marshall Wind Farm, LLC",MN,MRO,MISO,WND,WT,261.156,337.006,334.97,279.619,240.883,261.803,177.474,237.609,250.473,254.999,301.032,274.976,3212.0
56829,Kibby Wind Facility,61191,"Helix Maine Wind Development, LLC",ME,NPCC,ISNE,WND,WT,17816.0,28151.0,35171.0,33193.0,29099.0,15611.0,9711.0,13014.0,19176.0,16709.0,35380.0,32817.0,285848.0
56831,Crane Creek Wind Energy Center,20860,Wisconsin Public Service Corp,IA,MRO,MISO,WND,WT,15856.267,19129.562,19089.677,18997.877,16804.045,19711.111,10798.04,14592.842,18798.729,20992.007,24018.554,18531.289,217320.0
56834,High Plains,56046,High Plains Wind Power LLC,TX,MRO,SWPP,WND,WT,1232.677,1193.345,1187.978,0.0,0.0,0.0,0.0,0.0,0.0,0.0,0.0,0.0,3614.0
56835,Ribeye Wind (11) LLC,61728,GlidePath Power Operations LLC,TX,MRO,SWPP,WND,WT,1338.116,1295.421,1289.595,1298.395,1353.49,1424.368,1172.42,1076.373,875.617,1234.311,1252.206,1333.688,14944.0
56836,T-Bone Wind (10) LLC,61728,GlidePath Power Operations LLC,TX,MRO,SWPP,WND,WT,1338.295,1295.594,1289.768,1298.568,1353.671,1424.559,1172.577,1076.518,875.734,1234.476,1252.374,1333.866,14946.0
56837,Tri-Tip Wind (9) LLC,61728,GlidePath Power Operations LLC,TX,MRO,SWPP,WND,WT,1614.264,1562.757,1555.729,1566.345,1632.81,1718.316,1414.373,1298.505,1056.319,1489.036,1510.625,1608.921,18028.0
56838,Brisket Wind (8) LLC,61728,GlidePath Power Operations LLC,TX,MRO,SWPP,WND,WT,1263.169,1222.865,1217.366,1225.673,1277.682,1344.591,1106.754,1016.087,826.575,1165.178,1182.071,1258.989,14107.0
56839,Flat Iron Wind (7) LLC,61728,GlidePath Power Operations LLC,TX,MRO,SWPP,WND,WT,1342.504,1299.668,1293.823,1302.652,1357.928,1429.039,1176.264,1079.903,878.488,1238.358,1256.312,1338.061,14993.0
56840,Marshall Wind 1 LLC,63166,"Marshall Wind Farm, LLC",MN,MRO,MISO,WND,WT,261.156,337.006,334.97,279.619,240.883,261.803,177.474,237.609,250.473,254.999,301.032,274.976,3212.0
56841,Glenrock,14354,PacifiCorp,WY,WECC,PACE,WND,WT,69674.316,60411.716,45846.968,38975.872,35481.452,37057.811,32581.1,27206.495,26457.632,45427.045,66942.345,71334.248,557397.0
56842,Rolling Hills,14354,PacifiCorp,WY,WECC,PACE,WND,WT,45402.424,39366.563,29875.621,25398.155,23121.058,24148.273,21231.079,17728.783,17240.795,29601.983,43622.168,46484.098,363221.0
56843,Seven Mile Hill,14354,PacifiCorp,WY,WECC,PACE,WND,WT,64831.212,56212.461,42660.118,36266.636,33015.115,34481.9,30316.368,25315.355,24618.546,42269.384,62289.143,66375.762,518652.0
56854,Wheat Field Wind Power Project,56073,Wheat Field Wind Power Project LLC,OR,WECC,BPAT,WND,WT,17396.437,25764.897,20615.649,22944.334,20283.252,23504.476,28899.419,26069.5,11239.935,19561.508,14124.628,10546.965,240951.0
56855,Arlington Wind Power Project,56074,Arlington Wind Power Project LLC,OR,WECC,BPAT,WND,WT,18290.406,27088.905,21675.047,24123.399,21325.569,24712.325,30384.503,27409.16,11817.533,20566.735,14850.465,11088.953,253333.0
56856,Rail Splitter Wind Farm,56075,Rail Splitter Wind Farm LLC,IL,SERC,MISO,WND,WT,23665.257,26627.94,28347.208,27794.329,22461.84,17581.049,10053.533,8717.843,17244.571,24791.513,33862.026,24942.891,266090.0
56857,Marble River Wind Farm,56072,"Marble River, LLC",NY,NPCC,NYIS,WND,WT,42214.0,49964.0,52489.0,54926.0,32017.0,18601.0,27930.0,24530.0,32979.0,33703.0,64549.0,54104.0,488006.0
56858,Sagebrush Power Partners,56071,"Sagebrush Power Partners, LLC",WA,WECC,BPAT,WND,WT,30697.09,31516.054,29850.995,25902.34,25650.143,24409.224,23681.325,20462.96,16339.971,28603.422,24375.438,18155.038,299644.0
56859,Crosswind Energy Project,59883,NRG Energy Gas & Wind Holdings Inc,IA,MRO,MISO,WND,WT,4879.604,5886.926,5874.652,5846.402,5171.272,6065.892,3322.986,4490.797,5785.116,6460.075,7391.464,5702.814,66878.0
56860,Hardin Hilltop Wind LLC,59883,NRG Energy Gas & Wind Holdings Inc,IA,MRO,MISO,WND,WT,3191.538,3850.383,3842.355,3823.878,3382.305,3967.437,2173.421,2937.236,3783.793,4225.255,4834.436,3729.963,43742.0
56874,Shiloh Wind Project 2 LLC,57170,"EDF Renewable Asset Holdings, Inc.",CA,WECC,CISO,WND,WT,21671.677,22214.945,32203.63,43417.577,44302.652,49131.687,48239.248,41098.856,22752.47,24789.468,18970.504,18629.286,387422.0
56876,Wapsipinicon Wind Project,57170,"EDF Renewable Asset Holdings, Inc.",MN,MRO,MISO,WND,WT,23885.821,30823.38,30637.168,25574.61,22031.686,23945.079,16232.169,21732.308,22908.872,23322.847,27533.105,25149.955,293777.0
56878,Hoosier Wind Project LLC,57170,"EDF Renewable Asset Holdings, Inc.",IN,RFC,MISO,WND,WT,24395.591,23002.93,25131.523,24460.907,19492.498,14163.849,7508.673,6286.8,13392.909,21994.319,29078.895,24598.106,233507.0
56879,Flat Ridge Wind Energy LLC,55963,AE Power Services LLC,KS,MRO,SWPP,WND,WT,11342.851,11606.339,11843.312,12060.364,10947.754,14780.047,9140.048,9745.055,10324.477,11651.461,13428.712,11158.58,138029.0
56901,Altona,63858,"Valcour Operating Services, LLC",NY,NPCC,NYIS,WND,WT,15752.936,15967.292,19247.536,18388.559,12979.416,9900.708,11138.583,10112.957,14349.237,15341.35,22952.186,18496.24,184627.0
56902,Wethersfield,63858,"Valcour Operating Services, LLC",NY,NPCC,NYIS,WND,WT,22581.34,22888.611,27590.737,26359.422,18605.585,14192.353,15966.808,14496.606,20569.18,21991.342,32901.237,26513.779,264657.0
56904,Chateaugay,63858,"Valcour Operating Services, LLC",NY,NPCC,NYIS,WND,WT,17662.552,17902.891,21580.776,20617.672,14552.817,11100.899,12488.833,11338.878,16088.691,17201.071,25734.514,20738.406,207008.0
56905,Great Plains Windpark LLC,61671,Great Plains Windpark Legacy LLC,TX,MRO,SWPP,WND,WT,23515.891,22765.561,22663.181,22817.826,23786.059,25031.675,20603.959,18916.054,15387.986,21691.63,22006.119,23438.059,262624.0
56912,Langdon Wind II LLC,55799,FPL Energy Langdon Wind LLC,ND,MRO,MISO,WND,WT,14229.348,16113.191,16248.6,16045.347,15193.261,14570.154,11535.873,11864.884,16469.026,16653.135,18423.49,16646.691,183993.0
56913,Osceola Windpower II,56121,Osceola Windpower II,IA,MRO,MISO,WND,WT,16058.0,19256.0,18946.0,17704.0,16021.0,16478.0,10168.0,14194.0,16267.0,17359.0,21168.0,17898.0,201517.0
56919,FPL Energy Ashtabula Wind LLC,56122,FPL Energy Ashtabula Wind LLC,ND,MRO,MISO,WND,WT,45868.189,51940.747,52377.235,51722.051,48975.36,46966.779,37185.798,38246.361,53087.776,53681.25,59387.977,53660.477,593100.0
56920,Panther Creek Wind Farm I,56215,RWE Renewables Americas LLC,TX,TRE,ERCO,WND,WT,49904.2,48311.891,48094.625,48422.804,50477.539,53120.92,43724.65,40142.666,32655.584,46032.849,46700.242,49739.03,557327.0
56921,Panther Creek Wind Farm II,56215,RWE Renewables Americas LLC,TX,TRE,ERCO,WND,WT,39076.059,37829.247,37659.124,37916.094,39524.996,41594.82,34237.339,31432.569,25570.023,36044.709,36567.292,38946.728,436399.0
56923,FPL Energy Crystal Lake Wind LLC,56123,FPL Energy Crystal Lake Wind LLC,IA,MRO,MISO,WND,WT,49001.0,56605.0,54217.0,51021.0,47002.0,52807.0,24539.0,38206.0,46882.0,52328.0,59275.0,45726.0,577609.0
56924,FPL Energy Story Wind LLC,56119,FPL Energy Story Wind LLC,IA,MRO,MISO,WND,WT,46379.0,50467.0,51616.0,52189.0,39791.0,46705.0,24362.0,33595.0,50723.0,56248.0,65448.0,47131.0,564654.0
56925,FPL Energy Crystal Lake Wind II LLC,56124,FPL Energy Crystal Lake Wind II LLC,IA,MRO,MISO,WND,WT,63582.0,70971.0,71128.0,66966.0,61637.0,72617.0,33309.0,52486.0,61644.0,59262.0,80200.0,58733.0,752535.0
56933,Threemile Canyon,56159,"Threemile Canyon Wind I, LLC",OR,WECC,PACW,WND,WT,1819.272,2694.423,2155.929,2399.456,2121.167,2458.034,3022.223,2726.277,1175.442,2045.689,1477.115,1102.973,25198.0
56934,Cassia Wind,56158,"Cassia Wind Farm, LLC",ID,WECC,IPCO,WND,WT,1621.0,2241.0,1776.0,1814.0,1753.0,1387.0,884.0,1310.0,1114.0,1781.0,1784.97,1528.0,18993.97
56935,Cassia Gulch,56157,"Cassia Gulch Wind Park, LLC",ID,WECC,IPCO,WND,WT,4280.0,4961.0,3613.0,3512.0,3535.0,3387.0,2899.0,2771.0,2126.0,3424.0,4032.27,3442.0,41982.27
56941,Grand Ridge Wind Energy Center,49893,Invenergy Services LLC,IL,RFC,PJM,WND,WT,22627.097,25459.809,27103.655,26575.03,21476.47,16809.793,9612.498,8335.403,16488.075,23703.943,32376.546,23848.681,254417.0
56942,Forward Wind Energy Center,20860,Wisconsin Public Service Corp,WI,MRO,MISO,WND,WT,14188.0,17126.0,15196.0,13035.0,10887.0,7806.0,6175.0,6775.0,11854.0,14673.0,19740.0,13667.0,151122.0
56945,High Lonesome Mesa LLC,59883,NRG Energy Gas & Wind Holdings Inc,NM,WECC,PNM,WND,WT,35481.192,31956.324,37509.792,34532.075,33443.944,38771.987,22281.221,24462.793,25086.014,13533.777,35262.41,35583.471,367905.0
56946,Buffalo Bear LLC,59883,NRG Energy Gas & Wind Holdings Inc,OK,MRO,SWPP,WND,WT,4256.207,4121.612,4034.752,4377.727,3472.141,4969.451,2968.898,3035.57,2951.475,3863.829,4520.686,3827.652,46400.0
56947,Elkhorn Ridge Wind LLC,59883,NRG Energy Gas & Wind Holdings Inc,NE,MRO,SWPP,WND,WT,15763.394,16594.234,16061.505,15539.99,13421.204,16909.727,12221.272,14518.65,15765.414,16111.917,17108.148,16950.545,186966.0
56952,Willow Creek Energy Center,49893,Invenergy Services LLC,OR,WECC,BPAT,WND,WT,14082.142,20856.274,16688.04,18573.073,16418.97,19026.499,23393.619,21102.845,9098.548,15834.729,11433.661,8537.6,195046.0
56953,High Sheldon Wind Farm,49893,Invenergy Services LLC,NY,NPCC,NYIS,WND,WT,22074.435,22374.809,26971.383,25767.707,18187.928,13873.765,15608.386,14171.187,20107.445,21497.682,32162.673,25918.6,258716.0
56956,Bull Creek Wind,56222,Bull Creek Wind LLC,TX,TRE,ERCO,WND,WT,27554.057,26674.881,26554.921,26736.121,27870.62,29330.134,24142.087,22164.334,18030.423,25416.534,25785.027,27462.861,307722.0
56959,Ocotillo Windpower,56273,Duke Energy DEGS Ocotillo,TX,TRE,ERCO,WND,WT,3978.352,3851.415,3834.094,3860.256,4024.06,4234.789,3485.721,3200.166,2603.297,3669.73,3722.934,3965.186,44430.0
56960,Happy Jack Windpower Project,56271,Duke Energy DEGS Happy Jack,WY,WECC,WAUW,WND,WT,11773.0,9439.0,6922.0,6743.0,4771.0,6856.0,4665.0,4055.0,5013.0,7840.0,7985.0,10543.0,86605.0
56961,Notrees Windpower Hybrid,56272,Duke Energy DEGS Notrees,TX,TRE,ERCO,WND,WT,38490.0,34570.0,32045.0,28292.0,36521.0,41881.0,32513.0,33375.0,22897.0,27946.0,32710.0,29189.0,390429.0
56967,Butter Creek Power LLC,56804,Echo 3,OR,WECC,PACW,WND,WT,906.963,1343.255,1074.799,1196.205,1057.469,1225.408,1506.674,1359.135,585.995,1019.841,736.389,549.867,12562.0
56968,Big Top LLC,56804,Echo 3,OR,WECC,PACW,WND,WT,265.402,393.075,314.517,350.044,309.446,358.589,440.896,397.722,171.479,298.435,215.488,160.907,3676.0
56969,Four Corners Windfarm LLC,56803,Echo 2,OR,WECC,PACW,WND,WT,1753.644,2597.223,2078.155,2312.897,2044.648,2369.362,2913.198,2627.929,1133.039,1971.892,1423.829,1063.184,24289.0
56970,Four Mile Canyon Windfarm LLC,56803,Echo 2,OR,WECC,PACW,WND,WT,1664.478,2465.165,1972.489,2195.296,1940.685,2248.89,2765.073,2494.309,1075.428,1871.629,1351.433,1009.125,23054.0
56971,Oregon Trail Windfarm LLC,56802,Echo 1,OR,WECC,PACW,WND,WT,1789.237,2649.94,2120.336,2359.843,2086.148,2417.454,2972.328,2681.269,1156.036,2011.916,1452.729,1084.764,24782.0
56972,Pacific Canyon Windfarm LLC,56802,Echo 1,OR,WECC,PACW,WND,WT,1362.831,2018.411,1615.021,1797.449,1588.981,1841.331,2263.968,2042.274,880.532,1532.44,1106.517,826.245,18876.0
56973,Sand Ranch Windfarm LLC,56802,Echo 1,OR,WECC,PACW,WND,WT,1666.86,2468.694,1975.312,2198.438,1943.463,2252.109,2769.031,2497.879,1076.967,1874.309,1353.368,1010.57,23087.0
56974,Wagon Trail LLC,56804,Echo 3,OR,WECC,PACW,WND,WT,550.013,814.593,651.792,725.417,641.283,743.127,913.695,824.223,355.366,618.464,446.57,333.457,7618.0
56975,Ward Butte Windfarm LLC,56802,Echo 1,OR,WECC,PACW,WND,WT,1215.615,1800.381,1440.565,1603.288,1417.338,1642.429,2019.413,1821.666,785.416,1366.905,986.991,736.993,16837.0
56979,Panther Creek Wind Farm Three,56215,RWE Renewables Americas LLC,TX,TRE,ERCO,WND,WT,50104.774,48506.065,48287.926,48617.424,50680.417,53334.422,43900.388,40304.007,32786.833,46217.864,46887.939,49938.941,559567.0
56980,Stony Creek Wind Farm LLC,56215,RWE Renewables Americas LLC,PA,RFC,PJM,WND,WT,15350.041,13106.268,15075.438,14792.069,13498.421,8028.931,6006.929,7155.051,8430.81,12105.953,17261.096,17558.993,148370.0
56981,Pyron Wind Farm LLC Hybrid,56215,RWE Renewables Americas LLC,TX,TRE,ERCO,WND,WT,69295.0,67885.0,61859.0,56016.0,67229.0,71213.0,53855.0,47284.0,35743.0,54296.0,56464.0,61759.0,702898.0
56983,Papalote Creek I LLC,56215,RWE Renewables Americas LLC,TX,TRE,ERCO,WND,WT,44950.735,43516.476,43320.777,43616.38,45467.163,47848.164,39384.563,36158.125,29414.207,41463.652,42064.799,44801.959,502007.0
56984,Inadale Wind Farm LLC Hybrid,56215,RWE Renewables Americas LLC,TX,TRE,ERCO,WND,WT,45114.059,43674.59,43478.179,43774.857,45632.364,48022.016,39527.664,36289.503,29521.081,41614.306,42217.638,44964.743,503831.0
56985,Smoky Hills Wind Project Phase II,56285,Smoky Hills Wind Project II LLC,KS,MRO,SWPP,WND,WT,28867.158,29537.729,30140.818,30693.207,27861.653,37614.704,23261.104,24800.827,26275.434,29652.562,34175.605,28398.199,351279.0
56989,Stetson Wind I,59155,"Evergreen Wind, LLC",ME,NPCC,ISNE,WND,WT,9484.144,11165.473,14041.355,13978.716,12650.216,6573.406,4894.201,7239.337,10217.404,10472.293,13214.935,12807.52,126739.0
56990,Rollins Wind Project,59155,"Evergreen Wind, LLC",ME,NPCC,ISNE,WND,WT,11368.117,13383.433,16830.592,16755.511,15163.111,7879.176,5866.407,8677.391,12247.035,12552.556,15840.008,15351.663,151915.0
56991,Stetson Wind II,59155,"Evergreen Wind, LLC",ME,NPCC,ISNE,WND,WT,4273.288,5030.846,6326.636,6298.413,5699.829,2961.79,2205.188,3261.84,4603.672,4718.518,5954.275,5770.705,57105.0
56994,Grand Meadow,13781,Northern States Power Co - Minnesota,MN,MRO,MISO,WND,WT,18267.661,23573.443,23431.03,19559.231,16849.635,18312.98,12414.216,16620.673,17520.499,17837.103,21057.07,19234.459,224678.0
57002,Oakfield Wind Project,60453,Onward Energy,ME,NPCC,ISNE,WND,WT,28158.0,32135.0,37642.0,39721.0,35836.0,20819.0,15175.0,24100.0,32119.0,33899.0,37937.0,36096.0,373637.0
57031,Luverne Wind Energy Center,14232,Otter Tail Power Co,ND,MRO,MISO,WND,WT,13441.522,15221.065,15348.976,15156.976,14352.068,13763.46,10897.175,11207.97,15557.198,15731.113,17403.451,15725.026,173806.0
57032,Ashtabula Wind Energy Center,14232,Otter Tail Power Co,ND,MRO,MISO,WND,WT,11116.019,12587.684,12693.465,12534.683,11869.031,11382.257,9011.866,9268.891,12865.663,13009.489,14392.497,13004.455,143736.0
57033,Langdon Wind Energy Center,14232,Otter Tail Power Co,ND,MRO,MISO,WND,WT,10927.163,12373.825,12477.81,12321.726,11667.382,11188.879,8858.759,9111.417,12647.082,12788.465,14147.976,12783.516,141294.0
57038,Bison I Wind Energy Center,12647,"ALLETE, Inc.",ND,MRO,MISO,WND,WT,19879.388,22511.247,22700.423,22416.464,21226.041,20355.517,16116.416,16576.067,23008.373,23265.586,25738.895,23256.583,257051.0
57039,McFadden Ridge,14354,PacifiCorp,WY,WECC,PACE,WND,WT,13658.94,11843.101,8987.831,7640.822,6955.777,7264.806,6387.193,5333.556,5186.749,8905.509,13123.364,13984.352,109272.0
57040,High Plains,14354,PacifiCorp,WY,WECC,PACE,WND,WT,44851.675,38889.032,29513.219,25090.066,22840.592,23855.346,20973.539,17513.726,17031.658,29242.901,43093.016,45920.23,358815.0
57044,Armenia Mountain Wind Farm,59496,Allete Clean Energy,PA,RFC,PJM,WND,WT,27124.579,23159.677,26639.336,26138.604,23852.638,14187.673,10614.657,12643.468,14897.821,21392.052,30501.545,31027.95,262180.0
57045,Rolling Thunder Wind Farm Hybrid,55963,AE Power Services LLC,SD,MRO,SWPP,WND,WT,6324.683,8127.511,8463.938,7299.632,7036.184,7207.639,5427.572,6663.384,7361.58,7724.202,8451.15,8215.525,88303.0
57047,Nobles Wind Project,13781,Northern States Power Co - Minnesota,MN,MRO,MISO,WND,WT,46157.0,65708.0,68133.0,58262.0,53741.0,62285.0,31935.0,41472.0,49899.0,60935.0,72586.0,56781.0,667894.0
57048,Merricourt Wind Energy Center,14232,Otter Tail Power Co,ND,MRO,MISO,WND,WT,0.0,0.0,0.0,0.0,0.0,0.0,0.0,0.0,0.0,0.0,0.0,32973.0,32973.0
57049,NaturEner Glacier Wind Energy 1,56365,NaturEner Glacier Wind Energy 1 LLC,MT,WECC,GWA,WND,WT,25989.0,31352.0,28525.0,27375.0,22477.0,24164.0,17820.0,16877.0,21010.0,20681.0,34659.0,27916.0,298845.0
57050,NaturEner Glacier Wind Energy 2,56366,NaturEner Glacier Wind Energy 2 LLC,MT,WECC,GWA,WND,WT,26874.0,35826.0,28491.0,28877.0,22463.0,27003.0,18978.0,18096.0,23024.0,23255.0,40735.0,29459.0,323081.0
57078,Steel Winds II,59155,"Evergreen Wind, LLC",NY,NPCC,NYIS,WND,WT,4411.03,4471.053,5389.564,5149.04,3634.408,2772.329,3118.95,2831.762,4017.976,4295.781,6426.915,5179.192,51698.0
57079,Milford Wind Corridor I LLC,61219,Longroad Energy Services LLC,UT,WECC,LDWP,WND,WT,28722.0,32120.0,45645.0,17176.0,43097.0,35507.0,42653.0,42508.0,24902.0,26904.0,35221.0,20931.0,395386.0
57080,Sheffield Wind,59155,"Evergreen Wind, LLC",VT,NPCC,ISNE,WND,WT,4477.0,4192.0,9087.0,8078.0,6620.0,3005.0,3505.0,3509.0,5303.0,6349.0,8181.0,7193.0,69499.0
57082,Kaheawa Wind Power II LLC,59155,"Evergreen Wind, LLC",HI,Unknown,Unknown,WND,WT,4693.0,2776.0,3228.0,2786.0,6037.0,4402.0,5345.0,6142.0,5059.0,1322.0,5382.0,3897.0,51069.0
57083,Bull Hill Wind Project,59155,"Evergreen Wind, LLC",ME,NPCC,ISNE,WND,WT,7587.375,8932.449,11233.173,11183.061,10120.253,5258.766,3915.392,5791.515,8173.988,8377.9,10572.031,10246.097,101392.0
57087,Kahuku Wind Power LLC,59155,"Evergreen Wind, LLC",HI,Unknown,Unknown,WND,WT,4006.0,8212.0,6536.0,3994.0,6688.0,8104.0,6776.0,7579.0,5071.0,1422.0,6582.0,3116.0,68086.0
57090,Campbell Hill Windpower,56378,Duke Energy DEGS Campbell Hill,WY,WECC,PACE,WND,WT,47071.0,38276.0,29795.0,20167.0,19575.0,23917.0,19397.0,15513.0,5560.0,24769.0,42039.0,42640.0,328719.0
57091,Silver Sage Windpower,56377,Duke Energy DEGS Silver Sage Wndpwr LLC,WY,WECC,WAUW,WND,WT,17609.0,13573.0,9877.0,9645.0,8308.0,9737.0,6761.0,5507.0,6963.0,11295.0,11771.0,14767.0,125813.0
57093,Casper Wind Farm,56394,Chevron USA,WY,WECC,PACE,WND,WT,2585.864,2242.095,1701.545,1446.534,1316.844,1375.348,1209.201,1009.731,981.938,1685.96,2484.47,2647.47,20687.0
57094,Streator Cayuga Ridge South,15399,Avangrid Renewables LLC,IL,RFC,PJM,WND,WT,70214.0,73886.0,81453.0,78122.0,54919.0,40671.0,23777.0,20739.0,48488.0,72028.0,103384.0,69243.0,736924.0
57095,Penascal II Wind Project LLC,15399,Avangrid Renewables LLC,TX,TRE,ERCO,WND,WT,19708.0,32959.0,39909.0,35947.0,39207.0,36260.0,37078.0,24177.0,23227.0,26548.0,20787.0,29409.0,365216.0
57096,Star Point Wind Project LLC,15399,Avangrid Renewables LLC,OR,WECC,AVRN,WND,WT,17798.73,26360.711,21092.387,23474.923,20752.303,24048.018,29567.719,26672.358,11499.859,20013.868,14451.26,10790.864,246523.0
57097,Rugby Wind Power Project,15399,Avangrid Renewables LLC,ND,MRO,MISO,WND,WT,28082.61,31800.505,32067.744,31666.61,29984.959,28755.214,22766.849,23416.175,32502.769,32866.121,36360.041,32853.403,363123.0
57098,Dry Lake Wind LLC,15399,Avangrid Renewables LLC,AZ,WECC,SRP,WND,WT,8731.0,8020.0,13509.0,11744.0,11575.0,14500.0,7295.0,7862.0,6450.0,5606.0,8382.0,7451.0,111125.0
57106,Mesalands Comm College Wind Turbine,56410,Mesalands Community College,NM,MRO,SWPP,WND,WT,85.157,76.698,90.026,82.88,80.268,93.056,53.477,58.713,60.208,32.482,84.632,85.403,883.0
57107,Milford Wind Corridor Stage II LLC,56409,Milford Wind Corridor Stage II LLC,UT,WECC,LDWP,WND,WT,13276.0,15412.0,21770.0,8527.0,21967.0,18274.0,20741.0,20777.0,12812.0,14140.0,17491.0,9926.0,195113.0
57108,Blue Canyon Windpower V LLC,56416,Blue Canyon Windpower V LLC,OK,MRO,SWPP,WND,WT,32559.695,31530.069,30865.596,33489.332,26561.656,38015.978,22711.879,23221.917,22578.595,29558.039,34582.952,29281.292,354957.0
57109,Meadow Lake Wind Farm LLC,56417,Meadow Lake Wind Farm LLC,IN,RFC,PJM,WND,WT,47515.861,44803.34,48949.25,47643.076,37965.99,27587.257,14624.817,12244.945,26085.68,42838.845,56637.638,47910.301,454807.0
57110,Blackstone Wind Farm LLC,56418,Blackstone Wind Farm LLC,IL,RFC,PJM,WND,WT,21437.295,24121.057,25678.465,25177.636,20347.174,15925.884,9107.045,7897.103,15621.083,22457.52,30674.091,22594.647,241039.0
57111,Lost Lakes Wind Farm LLC,56419,Lost Lakes Wind Farm LLC,IA,MRO,MISO,WND,WT,23375.079,28200.524,28141.726,28006.395,24772.279,29057.834,15918.315,21512.557,27712.814,30946.114,35407.805,27318.558,320370.0
57112,Meadow Lake Wind Farm II LLC,56420,Meadow Lake Wind Farm II LLC,IN,RFC,PJM,WND,WT,25250.196,23808.747,26011.907,25317.799,20175.341,14660.023,7771.71,6507.033,13862.077,22764.803,30097.56,25459.804,241687.0
57113,Blackstone Wind Farm II LLC,56421,Blackstone Wind Farm II LLC,IL,RFC,PJM,WND,WT,42672.084,48014.251,51114.355,50117.429,40502.136,31701.323,18128.058,15719.605,31094.601,44702.892,61058.416,44975.85,479801.0
57115,Meadow Lake Wind Farm III LLC,56423,Meadow Lake Wind Farm III LLC,IN,RFC,PJM,WND,WT,27114.131,25566.276,27932.07,27186.724,21664.656,15742.206,8345.407,6987.373,14885.356,24445.27,32319.32,27339.211,259528.0
57116,Quilt Block Wind Farm LLC,56424,Quilt Block Wind Farm LLC,WI,MRO,MISO,WND,WT,30788.0,37786.0,35564.0,33086.0,34780.0,25950.0,18463.0,19683.0,34555.0,35561.0,43160.0,32077.0,381453.0
57118,Greensburg,56246,"Greensburg Wind Farm, LLC",KS,MRO,SWPP,WND,WT,1707.973,1747.648,1783.331,1816.014,1648.481,2225.536,1376.281,1467.382,1554.629,1754.443,2022.056,1680.226,20784.0
57120,Wilton Wind II LLC,56415,Wilton Wind II LLC,ND,MRO,MISO,WND,WT,15827.581,17923.017,18073.634,17847.552,16899.761,16206.667,12831.577,13197.542,18318.818,18523.606,20492.807,18516.438,204659.0
57121,Ashtabula Wind II LLC,56414,Ashtabula Wind II LLC,ND,MRO,MISO,WND,WT,30057.006,34036.296,34322.323,33892.986,32093.105,30776.9,24367.513,25062.49,34787.934,35176.831,38916.397,35163.219,388653.0
57124,Payne's Ferry,56592,Idaho Wind Partners 1 LLC,ID,WECC,IPCO,WND,WT,6485.206,7794.292,5644.659,5440.357,5857.605,5616.996,4591.166,4511.059,3596.457,5648.981,6132.504,5516.718,66836.0
57125,Camp Reed,56592,Idaho Wind Partners 1 LLC,ID,WECC,IPCO,WND,WT,6763.006,8128.169,5886.455,5673.402,6108.523,5857.607,4787.834,4704.296,3750.515,5890.962,6395.198,5753.033,69699.0
57126,Yahoo Creek,56592,Idaho Wind Partners 1 LLC,ID,WECC,IPCO,WND,WT,6572.436,7899.131,5720.584,5513.535,5936.395,5692.549,4652.921,4571.737,3644.832,5724.965,6214.992,5590.923,67735.0
57130,Beaver Ridge Wind,56439,Beaver Ridge Wind LLC,ME,NPCC,ISNE,WND,WT,838.12,986.699,1240.843,1235.307,1117.907,580.896,432.503,639.744,902.918,925.443,1167.812,1131.808,11200.0
57131,Stoney Corners Wind Farm,64331,DTE Sustainable Generation,MI,RFC,MISO,WND,WT,13019.726,14348.864,12380.505,10801.201,9802.275,7252.634,5363.671,6370.124,10521.94,12634.217,17847.89,14756.953,135100.0
57135,Big Sky Wind LLC,56215,RWE Renewables Americas LLC,IL,RFC,PJM,WND,WT,38467.851,43283.686,46078.356,45179.651,36511.696,28577.976,16342.006,14170.843,28031.031,40298.576,55042.686,40544.642,432529.0
57136,Tuana Springs,56475,"Tuana Springs Energy, LLC",ID,WECC,IPCO,WND,WT,2874.0,3787.0,2855.0,2748.0,2864.0,2785.0,2371.0,2216.0,2121.0,2686.0,3105.63,2784.0,33196.63
57137,Eurus Combine Hills Turbine Ranch 2,56483,Eurus Combine Hills II LLC,OR,WECC,BPAT,WND,WT,13690.17,20275.751,16223.537,18056.102,15961.957,18496.907,22742.471,20515.459,8845.295,15393.978,11115.412,8299.961,189617.0
57139,Cambria Wind LLC,63081,Exus North America Management Partners LLC,PA,RFC,PJM,WND,WT,14152.825,12084.055,13899.641,13638.374,12445.622,7402.721,5538.424,6596.999,7773.255,11161.759,15914.831,16189.494,136798.0
57151,Beech Ridge Energy LLC,49893,Invenergy Services LLC,WV,RFC,PJM,WND,WT,30990.0,27494.0,29764.0,32217.0,30116.0,16827.0,8599.0,11078.0,14251.0,21131.0,28652.0,27604.0,278723.0
57152,Harvest Wind Project,56499,Harvest Wind Project TIC,WA,WECC,BPAT,WND,WT,30354.411,31164.232,29517.761,25613.186,25363.804,24136.737,23416.965,20234.527,16157.564,28284.115,24103.329,17952.369,296299.0
57153,Langford Wind Power,56506,Langford Wind Power LLC,TX,TRE,ERCO,WND,WT,31939.114,30920.019,30780.967,30991.004,32306.052,33997.838,27984.146,25691.646,20899.85,29461.413,29888.55,31833.401,356694.0
57156,Barton Chapel Wind Farm,15399,Avangrid Renewables LLC,TX,TRE,ERCO,WND,WT,22341.816,21628.948,21531.679,21678.603,22598.495,23781.921,19575.267,17971.634,14619.712,20608.634,20907.422,22267.869,249512.0
57159,Windy Flats Wind Project,56514,Windy Flats Partners LLC,WA,WECC,BPAT,WND,WT,78974.699,81081.655,76797.941,66639.199,65990.37,62797.844,60925.174,52645.253,42038.001,73588.298,62710.924,46707.642,770897.0
57171,Cedar Hills Wind Farm,12199,Montana-Dakota Utilities Co,ND,MRO,MISO,WND,WT,4311.192,4881.957,4922.983,4861.402,4603.238,4414.45,3495.126,3594.81,4989.768,5045.549,5581.929,5043.596,55746.0
57174,Colorado Highlands Wind,56523,Colorado Highlands Wind LLC,CO,WECC,WACM,WND,WT,39080.33,31405.361,28336.951,27723.054,39100.299,28909.076,31358.024,29784.559,25768.966,27228.015,31233.423,38249.942,378178.0
57176,University of Delaware Wind Turbine,56518,First State Marine Wind,DE,RFC,PJM,WND,WT,559.0,468.0,509.0,608.0,542.0,324.0,188.0,256.0,349.0,378.0,422.0,576.0,5179.0
57177,Meadow Lake Wind Farm IV,56520,Meadow Lake Wind Farm IV LLC,IN,RFC,PJM,WND,WT,19621.095,18500.992,20212.996,19673.627,15677.592,11391.821,6039.14,5056.401,10771.763,17689.778,23387.821,19783.974,187807.0
57182,PPL Frey Farm Landfill Wind,57249,EPP Renewable Energy,PA,RFC,PJM,WND,WT,666.061,568.701,654.146,641.85,585.717,348.388,260.65,310.469,365.826,525.296,748.985,761.911,6438.0
57187,Pillar Mountain Wind Project Microgrid,10433,Kodiak Electric Assn Inc,AK,Unknown,Unknown,WND,WT,2156.422,2210.448,2214.483,2203.81,2093.439,2219.439,1636.031,1659.092,1675.739,2061.501,2368.318,2183.278,24682.0
57188,Vantage Wind Energy LLC,49893,Invenergy Services LLC,WA,WECC,PSEI,WND,WT,31744.286,32591.187,30869.326,26785.967,26525.167,25241.915,24489.186,21161.029,16897.39,29579.194,25206.977,18774.376,309866.0
57189,Lost Creek Wind Energy Facility,56545,Pattern Operators LP,MO,SERC,AECI,WND,WT,34940.0,35473.0,40856.0,38763.0,28972.0,28003.0,15250.0,17249.0,29086.0,39476.0,43026.0,33553.0,384647.0
57192,Spring Valley Wind Project,56545,Pattern Operators LP,NV,WECC,NEVP,WND,WT,23123.0,29701.0,40295.0,22131.0,0.0,29319.0,23127.0,20220.0,23314.0,22277.0,31127.0,28357.0,292991.0
57194,Day County Wind LLC,56561,Day County Wind LLC,SD,MRO,SWPP,WND,WT,28434.0,33110.0,35802.0,23518.0,24494.0,25985.0,20688.0,25675.0,23977.0,32567.0,39434.0,35838.0,349522.0
57195,Lower Snake River Wind Energy Project,15500,Puget Sound Energy Inc,WA,WECC,BPAT,WND,WT,113968.0,106544.0,96502.0,91935.0,86957.0,78130.0,76964.0,64972.0,53100.0,86823.0,59375.0,50618.0,965888.0
57198,Bent Tree Wind Farm Phase 1,20856,Wisconsin Power & Light Co,MN,MRO,MISO,WND,WT,42309.183,54597.746,54267.908,45300.55,39024.936,42414.147,28752.195,38494.645,40578.703,41311.98,48769.652,44548.355,520370.0
57199,Glacier Hills,20847,Wisconsin Electric Power Co,WI,RFC,MISO,WND,WT,35111.0,38392.0,38972.0,37504.0,34086.0,25403.0,16362.0,17813.0,29526.0,37079.0,44745.0,34687.0,389680.0
57201,FPL Energy Montezuma Winds LLC,56555,FPL Energy Montezuma Wind,CA,WECC,CISO,WND,WT,4998.58,5123.884,7427.777,10014.277,10218.42,11332.238,11126.397,9479.463,5247.864,5717.698,4375.552,4296.85,89359.0
57210,Cedar Creek II,55963,AE Power Services LLC,CO,WECC,PSCO,WND,WT,89035.0,68553.0,53705.0,58487.0,63329.0,51480.0,48445.0,41634.0,27806.0,54871.0,57560.0,79536.0,694441.0
57211,Goshen Phase II,55963,AE Power Services LLC,ID,WECC,PACE,WND,WT,38775.487,46602.601,33749.8,32528.267,35023.02,33584.402,27450.894,26971.929,21503.459,33775.644,36666.662,32984.835,399617.0
57212,Papalote Creek II LLC,56215,RWE Renewables Americas LLC,TX,TRE,ERCO,WND,WT,47895.0,54936.0,59332.0,45749.0,53148.0,37485.0,49215.0,33046.0,39996.0,31438.0,29573.0,38557.0,520370.0
57214,Waverly Community Wind Project,20214,Waverly Municipal Elec Utility,IA,MRO,MISO,WND,WT,439.381,530.086,528.98,526.437,465.645,546.201,299.217,404.372,520.918,581.695,665.561,513.507,6022.0
57239,Roth Rock Wind Farm LLC,56603,Roth Rock Wind Farm LLC,MD,RFC,PJM,WND,WT,9425.0,11422.0,10728.0,10878.0,11534.0,5974.0,3164.0,4860.0,4675.0,7603.0,10532.0,13103.0,103898.0
57240,"Roth Rock North Wind Farm, LLC",56603,Roth Rock Wind Farm LLC,MD,RFC,PJM,WND,WT,2356.0,2855.0,2682.0,2719.0,2883.0,1493.0,791.0,1215.0,1168.0,1900.0,2633.0,3275.0,25970.0
57244,Kit Carson Windpower,56612,Kit Carson Windpower LLC,CO,WECC,WACM,WND,WT,19411.716,15599.457,14075.337,13770.407,19421.634,14359.519,15575.944,14794.383,12799.785,13524.514,15514.053,18999.251,187846.0
57248,Welcome Wind Turbine,6258,Federated Rural Electric Assn,MN,MRO,MISO,WND,WT,532.391,687.023,682.872,570.033,491.065,533.712,361.799,484.392,510.616,519.843,613.686,560.568,6548.0
57251,Lakota Wind Wind Farm,9425,Iowa Lakes Electric Coop,IA,MRO,SWPP,WND,WT,2657.303,3205.865,3199.181,3183.797,2816.139,3303.325,1809.611,2445.57,3150.422,3517.987,4025.197,3105.603,36420.0
57252,Iowa Lakes Superior Wind Farm,9425,Iowa Lakes Electric Coop,IA,MRO,SWPP,WND,WT,2829.787,3413.956,3406.838,3390.455,2998.933,3517.742,1927.072,2604.311,3354.914,3746.337,4286.47,3307.185,38784.0
57253,MA Military Reservation Wind Project,56619,Air Force Civil Engineer Center,MA,NPCC,ISNE,WND,WT,675.843,720.239,907.49,1042.705,865.12,477.304,501.846,564.591,633.125,673.585,1116.101,1025.051,9203.0
57257,Iowa Lakes Community College Wind Farm,56617,Iowa Lakes Community College,IA,MRO,MISO,WND,WT,377.0,445.0,328.0,395.0,340.0,384.0,189.0,300.0,329.0,429.0,531.0,187.0,4234.0
57258,Texico Wind Ranch LP,56630,Texico Wind LP,NM,WECC,SWPP,WND,WT,51.403,46.297,54.342,50.028,48.452,56.171,32.28,35.44,36.343,19.607,51.086,51.551,533.0
57260,Cedro Hill Wind LLC,59883,NRG Energy Gas & Wind Holdings Inc,TX,TRE,ERCO,WND,WT,36201.132,35046.052,34888.445,35126.509,36617.04,38534.582,31718.41,29119.994,23688.77,33392.807,33876.942,36081.317,404292.0
57261,Taloga Wind LLC,59883,NRG Energy Gas & Wind Holdings Inc,OK,MRO,SWPP,WND,WT,30174.844,29220.633,28604.83,31036.39,24616.135,35231.479,21048.336,21521.016,20924.815,27393.046,32049.907,27136.569,328958.0
57262,Laredo Ridge Wind LLC,59883,NRG Energy Gas & Wind Holdings Inc,NE,MRO,SWPP,WND,WT,24068.757,25337.347,24523.935,23727.646,20492.521,25819.066,18660.373,22168.186,24071.841,24600.908,26122.03,25881.39,285474.0
57263,Little Pringle I Wind Farm,56627,DeWind Co.,TX,TRE,SWPP,WND,WT,0.0,0.0,0.0,0.0,0.0,0.0,0.0,0.0,0.0,0.0,0.0,0.0,0.0
57264,Little Pringle II Wind Farm,56627,DeWind Co.,TX,TRE,SWPP,WND,WT,0.0,0.0,0.0,0.0,0.0,0.0,0.0,0.0,0.0,0.0,0.0,0.0,0.0
57268,Chestnut Flats Wind Farm,57170,"EDF Renewable Asset Holdings, Inc.",PA,RFC,PJM,WND,WT,10245.638,8747.994,10062.349,9873.21,9009.743,5359.042,4009.424,4775.757,5627.283,8080.318,11521.203,11720.039,99032.0
57274,Grant County Wind LLC,56642,"Grant County Wind, LLC",MN,MRO,MISO,WND,WT,4218.398,5443.617,5410.731,4516.649,3890.944,4228.862,2866.71,3838.072,4045.861,4118.972,4862.532,4441.652,51883.0
57278,Crofton Bluffs Wind LLC,59883,NRG Energy Gas & Wind Holdings Inc,NE,MRO,SWPP,WND,WT,14334.649,15090.186,14605.742,14131.495,12204.749,15377.084,11113.575,13202.726,14336.487,14651.585,15557.52,15414.202,170020.0
57282,Alta Wind Energy Center I,60015,NRG Yield LLC,CA,WECC,CISO,WND,WT,21080.466,21608.914,31325.104,42233.131,43094.061,47791.358,46923.266,39977.666,22131.775,24113.204,18452.982,18121.073,376853.0
57283,Flat Water Wind Farm LLC,56625,Flat Water Wind Farm LLC,NE,MRO,SWPP,WND,WT,16480.209,17348.832,16791.878,16246.648,14031.513,17678.672,12777.016,15178.864,16482.323,16844.583,17886.116,17721.346,195468.0
57284,Minonk Wind Farm,59050,Algonquin Power Co,IL,RFC,PJM,WND,WT,55011.566,61898.526,65895.088,64609.88,52214.133,40868.391,23370.147,20265.241,40086.223,57629.622,78714.671,57981.512,618545.0
57285,Sandy Ridge Wind Farm,59050,Algonquin Power Co,PA,RFC,PJM,WND,WT,14876.306,12701.782,14610.179,14335.556,13081.832,7781.142,5821.543,6934.232,8170.618,11732.339,16728.384,17017.087,143791.0
57286,OU Spirit Wind Farm,14063,Oklahoma Gas & Electric Co,OK,MRO,SWPP,WND,WT,27545.628,26674.56,26112.414,28332.105,22471.264,32161.665,19214.338,19645.832,19101.579,25006.216,29257.312,24772.087,300295.0
57287,Hardscrabble Wind Power LLC,15399,Avangrid Renewables LLC,NY,NPCC,NYIS,WND,WT,15010.028,15214.275,18339.823,17521.356,12367.308,9433.791,10613.288,9636.03,13672.528,14617.852,21869.762,17623.959,175920.0
57289,Big Blue,58150,Big Blue Wind Farm LLC (MN),MN,MRO,MISO,WND,WT,6927.268,8939.27,8885.266,7417.043,6389.539,6944.454,4707.587,6302.715,6643.937,6763.996,7985.038,7293.887,85200.0
57290,Northern Colorado Wind LLC,56653,Northern Colorado Wind LLC,CO,WECC,PSCO,WND,WT,48182.589,38720.03,34936.953,34180.072,48207.207,35642.331,38661.668,36721.725,31770.854,33569.732,38508.046,47158.793,466260.0
57291,Alta Wind Energy Center II,60015,NRG Yield LLC,CA,WECC,CISO,WND,WT,18059.3,18512.015,26835.721,36180.455,36918.0,40942.1,40198.419,34248.234,18959.941,20657.4,15808.378,15524.037,322844.0
57292,Alta Wind Energy Center III,60015,NRG Yield LLC,CA,WECC,CISO,WND,WT,18589.486,19055.487,27623.559,37242.634,38001.832,42144.071,41378.557,35253.687,19516.564,21263.856,16272.478,15979.789,332322.0
57293,Alta Wind Energy Center IV,60015,NRG Yield LLC,CA,WECC,CISO,WND,WT,9059.69,9286.799,13462.497,18150.408,18520.407,20539.151,20166.073,17181.083,9511.508,10363.06,7930.484,7787.84,161959.0
57294,Alta Wind Energy Center V,60015,NRG Yield LLC,CA,WECC,CISO,WND,WT,14334.099,14693.429,21300.153,28717.292,29302.699,32496.723,31906.446,27183.642,15048.959,16396.272,12547.487,12321.799,256249.0
57296,Carleton College,56654,Carleton College,MN,MRO,MISO,WND,WT,625.324,806.947,802.073,669.536,576.783,626.875,424.954,568.946,599.748,610.586,720.809,658.419,7691.0
57299,Dunlap,14354,PacifiCorp,WY,WECC,PACE,WND,WT,48530.035,42078.385,31933.646,27147.743,24713.786,25811.762,22693.612,18950.055,18428.452,31641.158,46627.144,49686.222,388242.0
57300,Criterion,56661,Criterion Power Partners LLC,MD,RFC,PJM,WND,WT,20774.0,20549.0,20370.0,20243.0,19745.0,10638.0,5943.0,8639.0,8575.0,10634.0,20237.0,23920.0,190267.0
57301,Dutch Wind Energy,2770,Terra-Gen Operating Co-Wind,CA,WECC,CISO,WND,WT,107.157,109.843,0.0,0.0,0.0,0.0,0.0,0.0,0.0,0.0,0.0,0.0,217.0
57302,Garnet Wind Energy Center,2770,Terra-Gen Operating Co-Wind,CA,WECC,CISO,WND,WT,814.459,834.877,1210.269,1631.709,1664.972,1846.455,1812.916,1544.567,855.078,931.632,712.945,700.121,14560.0
57303,Loraine Windpark Project LLC,56667,Loraine Windpower Project,TX,TRE,ERCO,WND,WT,34205.6,33114.19,32965.271,33190.212,34598.58,36410.42,29969.979,27514.797,22382.962,31552.077,32009.525,34092.387,382006.0
57315,Cedar Point Wind,56662,Cedar Point LLC,CO,WECC,PSCO,WND,WT,71098.0,55865.0,68440.0,40124.0,76247.0,60149.0,69567.0,66559.0,46645.0,40733.0,52529.0,62225.0,710181.0
57319,Big Horn Wind II,15399,Avangrid Renewables LLC,WA,WECC,AVRN,WND,WT,15927.0,13846.0,15204.0,11048.0,11929.0,11639.0,8965.0,7714.0,8081.0,14229.0,14824.0,11428.0,144834.0
57320,Juniper Canyon I Wind Project,15399,Avangrid Renewables LLC,WA,WECC,AVRN,WND,WT,40549.0,41479.0,42106.0,32935.0,33108.0,25610.0,26894.0,23109.0,21838.0,38968.0,38402.0,27708.0,392706.0
57325,FPL Energy Illinois Wind LLC Hybrid,56678,FPL Energy Illinois Wind LLC,IL,RFC,PJM,WND,WT,62448.0,68604.0,68520.0,64028.0,52620.0,41103.0,26969.0,25695.0,51535.0,64822.0,85288.0,61241.0,672873.0
57326,Sunray Wind I,56680,Diamond Shamrock Refining Company LP,TX,TRE,SWPP,WND,WT,14585.056,14119.686,14056.188,14152.102,14752.621,15525.178,12779.014,11732.14,9543.957,13453.611,13648.664,14536.783,162885.0
57327,Top of the World Windpower Project,56682,Duke Energy Top Of the World WindPower,WY,WECC,PACE,WND,WT,58005.0,54280.0,43098.0,34188.0,33556.0,32683.0,34964.0,28721.0,31557.0,39575.0,77994.0,71149.0,539770.0
57332,Crossroads Wind Farm,14063,Oklahoma Gas & Electric Co,OK,MRO,SWPP,WND,WT,72725.0,68368.0,63515.0,76995.0,50196.0,93300.0,50855.0,51007.0,53732.0,66288.0,82552.0,67482.0,797015.0
57333,Leaning Juniper Wind Power II,15399,Avangrid Renewables LLC,OR,WECC,AVRN,WND,WT,34394.266,50939.434,40758.924,45362.936,40101.746,46470.385,57136.654,51541.659,22222.325,38674.795,27925.613,20852.263,476381.0
57342,White Oak Energy LLC,56684,White Oak Energy LLC,IL,SERC,MISO,WND,WT,35681.722,40148.756,42741.015,41907.401,33867.244,26508.144,15158.395,13144.484,26000.813,37379.851,51056.081,37608.094,401202.0
57346,Elk City LLC,56683,Elk City LLC,OK,MRO,SWPP,WND,WT,69214.0,70636.0,67109.0,73874.0,61975.0,83869.0,49384.0,49920.0,45309.0,52697.0,59954.0,67769.0,751710.0
57347,Baldwin Wind LLC,56688,Baldwin Wind LLC,ND,MRO,MISO,WND,WT,25287.596,28635.456,28876.097,28514.887,27000.609,25893.258,20500.905,21085.604,29267.825,29595.013,32741.189,29583.561,326982.0
57351,Uilk Wind LLC,56689,RENEW Energy Inc,MN,MRO,MISO,WND,WT,999.007,1289.164,1281.376,1069.639,921.459,1001.485,678.898,908.937,958.146,975.46,1151.551,1051.878,12287.0
57354,Fox Island Wind LLC,56693,Fox Island Wind LLC,ME,NPCC,ISNE,WND,WT,735.674,866.093,1089.172,1084.313,981.263,509.892,379.638,561.547,792.552,812.324,1025.067,993.465,9831.0
57357,Red Mesa Wind LLC,56698,Red Mesa Wind LLC,NM,WECC,PNM,WND,WT,22209.73,20003.31,23479.546,21615.621,20934.497,24269.627,13947.104,15312.675,15702.786,8471.573,22072.78,22273.751,230293.0
57358,Keenan II Renewable Energy Co LLC,56699,CPV Keenan II Renewable Energy Co LLC,OK,MRO,SWPP,WND,WT,53794.675,52093.539,50995.706,55330.607,43884.798,62809.468,37524.249,38366.926,37304.04,48835.379,57137.471,48378.142,586455.0
57374,Lakefield Wind Project LLC,57170,"EDF Renewable Asset Holdings, Inc.",MN,MRO,MISO,WND,WT,52686.0,61878.0,52310.0,52267.0,35905.0,30415.0,28720.0,39633.0,27059.0,18545.0,26862.0,30971.0,457251.0
57375,Adams Wind Generations LLC,63024,"BEAM US, LLC",MN,MRO,MISO,WND,WT,4916.004,6343.839,6305.514,5263.576,4534.398,4928.198,3340.784,4472.782,4714.934,4800.135,5666.659,5176.177,60463.0
57379,"Poseidon Wind, LLC",63287,"Axium Arizona Renewables, LLC",AZ,WECC,AZPS,WND,WT,8972.0,8249.0,13514.0,12223.0,12146.0,14707.0,6994.0,8127.0,6396.0,6531.0,8878.0,7411.0,114148.0
57380,New England Wind LLC,15399,Avangrid Renewables LLC,MA,NPCC,ISNE,WND,WT,4184.0,5731.0,8674.0,9964.0,8562.0,4608.0,5039.0,6021.0,5955.0,7135.0,11326.0,9998.0,87197.0
57385,Community Wind North LLC,13781,Northern States Power Co - Minnesota,MN,MRO,MISO,WND,WT,4594.439,5928.876,5893.059,4919.276,4237.794,4605.835,3122.257,4180.209,4406.521,4486.149,5295.992,4837.593,56508.0
57386,Ridgewind,56715,Ridgewind Power Partners LLC,MN,MRO,MISO,WND,WT,6980.036,9007.364,8952.948,7473.542,6438.211,6997.352,4743.446,6350.725,6694.546,6815.52,8045.863,7349.447,85849.0
57387,Ashtabula Wind III LLC,56727,Ashtabula Wind III LLC,ND,MRO,MISO,WND,WT,16020.147,18141.079,18293.529,18064.696,17105.373,16403.846,12987.693,13358.111,18541.696,18748.975,20742.135,18741.72,207149.0
57396,Danielson Wind Farms LLC,63024,"BEAM US, LLC",MN,MRO,MISO,WND,WT,4539.964,5858.579,5823.186,4860.949,4187.548,4551.225,3085.238,4130.645,4354.274,4432.958,5233.199,4780.235,55838.0
57414,Notus Wind 1,56742,Notus Clean Energy LLC,MA,NPCC,ISNE,WND,WT,364.836,388.802,489.885,562.877,467.013,257.66,270.909,304.78,341.776,363.617,602.498,553.347,4968.0
57415,Sherbino II,62077,Sherbino II Wind Farm LLC,TX,TRE,ERCO,WND,WT,5506.657,5330.954,5306.98,5343.193,5569.922,5861.604,4824.777,4429.525,3603.366,5079.474,5153.117,5488.431,61498.0
57417,Elk Wind Farm,60025,Greenbacker Renewable Energy Corporation,IA,MRO,MISO,WND,WT,9450.866,11401.86,11378.087,11323.371,10015.773,11748.482,6435.994,8697.823,11204.672,12511.94,14315.863,11045.269,129530.0
57421,Gratiot Wind Park,5109,DTE Electric Company,MI,RFC,MISO,WND,WT,23826.0,27637.0,25418.0,21888.0,21028.0,15645.0,10337.0,11943.0,17492.0,22874.0,34959.0,24883.0,257930.0
57424,Buffalo Ridge II LLC,15399,Avangrid Renewables LLC,SD,WECC,MISO,WND,WT,43971.0,57790.0,62117.0,56546.0,49362.0,47480.0,31136.0,41320.0,33705.0,35211.0,40426.0,49550.0,548614.0
57427,Ryegrass Windfarm,57337,Aegis Renewables LLC,ID,WECC,IPCO,WND,WT,5221.465,6275.457,4544.712,4380.222,4716.163,4522.44,3696.508,3632.011,2895.633,4548.192,4937.494,4441.703,53812.0
57428,Hammett Hill Windfarm,57337,Aegis Renewables LLC,ID,WECC,IPCO,WND,WT,5600.374,6730.851,4874.51,4698.083,5058.403,4850.622,3964.754,3895.577,3105.762,4878.243,5295.795,4764.026,57717.0
57429,Mainline Windfarm,57337,Aegis Renewables LLC,ID,WECC,IPCO,WND,WT,5485.391,6592.658,4774.431,4601.626,4954.547,4751.033,3883.353,3815.596,3041.997,4778.087,5187.066,4666.215,56532.0
57430,Desert Meadow Windfarm,57337,Aegis Renewables LLC,ID,WECC,IPCO,WND,WT,5603.091,6734.116,4876.875,4700.363,5060.856,4852.975,3966.678,3897.467,3107.268,4880.61,5298.364,4766.337,57745.0
57431,Cold Springs Windfarm,57337,Aegis Renewables LLC,ID,WECC,IPCO,WND,WT,4941.335,5938.78,4300.89,4145.224,4463.142,4279.812,3498.191,3437.155,2740.283,4304.183,4672.598,4203.407,50925.0
57432,Oak Glen Wind Farm,12667,Minnesota Municipal Power Agny,MN,MRO,MISO,WND,WT,6997.678,9030.132,8975.578,7492.433,6454.485,7015.039,4755.436,6366.778,6711.468,6832.748,8066.201,7368.024,86066.0
57434,Valley View Transmission LLC,56769,Consolidated Edison Development Inc.,MN,MRO,MISO,WND,WT,2114.281,2728.366,2711.883,2263.765,1950.159,2119.525,1436.809,1923.66,2027.804,2064.448,2437.124,2226.176,26004.0
57444,Two Ponds Windfarm,57337,Aegis Renewables LLC,ID,WECC,IPCO,WND,WT,5853.627,7035.224,5094.939,4910.534,5287.147,5069.97,4144.043,4071.738,3246.206,5098.84,5535.274,4979.458,60327.0
57447,Laurel Mountain Hybrid,19740,AES Wind Generation Inc,WV,RFC,PJM,WND,WT,26170.0,25269.0,26283.0,25929.0,28238.0,15312.0,5998.0,9009.0,8658.0,16235.0,24786.0,18035.0,229922.0
57449,Blue Creek Wind Project,15399,Avangrid Renewables LLC,OH,RFC,PJM,WND,WT,82230.0,74088.0,73884.0,71853.0,67031.0,52809.0,29381.0,28943.0,48635.0,65522.0,96185.0,89402.0,779963.0
57459,Mountain View IV,19740,AES Wind Generation Inc,CA,WECC,CISO,WND,WT,9068.135,9295.458,13475.049,18167.33,18537.674,20558.3,20184.875,17197.102,9520.376,10372.722,7937.878,7795.101,162110.0
57463,Bishop Hill Energy LLC,59139,SunEdison LLC,IL,RFC,PJM,WND,WT,48978.433,55110.098,58668.355,57524.097,46487.795,36386.343,20807.137,18042.746,35689.956,51309.366,70082.011,51622.663,550709.0
57468,Crystal Lake 3 LLC,56786,Crystal Lake 3 LLC,IA,MRO,MISO,WND,WT,15304.0,22456.0,19801.0,18042.0,16446.0,13626.0,7474.0,13387.0,13430.0,10263.0,16727.0,10169.0,177125.0
57469,Garden Wind LLC,56787,Garden Wind LLC,IA,MRO,MISO,WND,WT,44654.0,46960.0,47780.0,48809.0,27463.0,31999.0,20998.0,10036.0,32328.0,34097.0,49243.0,40445.0,434812.0
57474,Ralls Wind Farm,56790,Ralls Wind Farm LLC,TX,MRO,SWPP,WND,WT,1268.275,1227.806,1222.285,1230.625,1282.844,1350.024,1111.225,1020.192,829.914,1169.886,1186.848,1264.076,14164.0
57484,Manzana Wind LLC,15399,Avangrid Renewables LLC,CA,WECC,CISO,WND,WT,26997.326,27674.098,40117.426,54087.115,55189.69,61205.424,60093.675,51198.587,28343.716,30881.291,23632.361,23207.291,482628.0
57493,Settlers Trail Wind Farm LLC,56215,RWE Renewables Americas LLC,IL,SERC,MISO,WND,WT,34026.78,38286.632,40758.66,39963.709,32296.46,25278.68,14455.34,12534.835,24794.879,35646.15,48688.068,35863.807,382594.0
57500,Laurel Wind Farm,12341,MidAmerican Energy Co,IA,MRO,MISO,WND,WT,25046.364,30216.821,30153.82,30008.812,26543.462,31135.428,17056.452,23050.674,29694.241,33158.717,37939.413,29271.796,343276.0
57501,Rolling Hills Wind Farm,12341,MidAmerican Energy Co,IA,MRO,MISO,WND,WT,96482.0,114675.0,116141.0,106127.0,82908.0,110888.0,52192.0,64233.0,107115.0,117303.0,146282.0,105027.0,1219373.0
57514,Ocotillo Express LLC,56545,Pattern Operators LP,CA,WECC,CISO,WND,WT,19745.0,20685.0,62759.0,76945.0,70933.0,80221.0,65996.0,51032.0,19730.0,35146.0,24274.0,15431.0,542897.0
57516,KODE Novus I,56627,DeWind Co.,OK,MRO,SWPP,WND,WT,3556.042,3443.589,3371.018,3657.572,2900.959,4151.955,2480.502,2536.206,2465.945,3228.212,3777.013,3197.987,38767.0
57517,DeWind Frisco,56627,DeWind Co.,TX,MRO,SWPP,WND,WT,0.0,0.0,0.0,0.0,0.0,0.0,0.0,0.0,0.0,0.0,0.0,0.0,0.0
57520,Trinity Hills,62075,Trinity Hills Wind Farm LLC,TX,TRE,ERCO,WND,WT,12526.0,8527.0,7875.0,6387.0,3805.0,330.0,4.0,4.0,15759.0,70846.0,75468.0,69841.0,271372.0
57526,North Hurlburt Wind LLC,56865,Caithness Shepherds Flat LLC,OR,WECC,BPAT,WND,WT,43748.0,69184.0,55927.0,58492.0,44730.0,38437.0,64339.0,60023.0,38118.0,60378.0,37787.0,25892.0,597055.0
57529,Kawailoa Wind,56868,Kawailoa Wind LLC,HI,Unknown,Unknown,WND,WT,12146.0,11992.0,11503.0,0.0,8145.0,9302.0,10125.0,9852.0,9502.0,3116.0,10836.0,7249.0,103768.0
57530,Palouse,60453,Onward Energy,WA,WECC,AVA,WND,WT,37733.027,38739.701,36693.002,31839.294,31529.293,30003.948,29109.211,25153.179,20085.179,35159.478,29962.418,22316.27,368324.0
57531,Bingham Wind,60453,Onward Energy,ME,NPCC,ISNE,WND,WT,38060.0,43035.0,55358.0,54388.0,50230.0,22702.0,18755.0,31077.0,40146.0,43018.0,46078.0,47660.0,490507.0
57547,Winona County Wind LLC,56874,Winona County Wind LLC,MN,MRO,MISO,WND,WT,0.0,0.0,0.0,0.0,0.0,0.0,0.0,0.0,0.0,0.0,0.0,0.0,0.0
57549,South Hurlburt Wind LLC,56865,Caithness Shepherds Flat LLC,OR,WECC,BPAT,WND,WT,49710.0,72079.0,59629.0,61976.0,46210.0,39905.0,69663.0,65207.0,37917.0,63581.0,38394.0,29564.0,633835.0
57550,Horseshoe Bend Wind LLC,56865,Caithness Shepherds Flat LLC,OR,WECC,BPAT,WND,WT,53830.0,68456.0,53782.0,59413.0,43176.0,37318.0,69558.0,63845.0,33712.0,62449.0,40221.0,30357.0,616117.0
57553,Shirley Wind,56891,Shirley Wind LLC,WI,MRO,MISO,WND,WT,5370.794,6276.708,5984.401,5503.856,5136.063,3787.119,2570.203,2709.221,4912.997,5830.41,7411.727,5461.501,60955.0
57566,GE - Tehachapi,58270,GE Wind Energy LLC,CA,WECC,CISO,WND,WT,0.0,0.0,0.0,0.0,0.0,0.0,0.0,0.0,0.0,0.0,0.0,0.0,0.0
57568,Record Hill Wind,56909,Record Hill Wind LLC,ME,NPCC,ISNE,WND,WT,9355.36,11013.856,13850.686,13788.898,12478.438,6484.145,4827.742,7141.033,10078.661,10330.088,13035.488,12633.605,125018.0
57570,Cooper Farms VW Project,56912,Cooper Hatchery Inc.,OH,RFC,PJM,WND,WT,1277.878,1224.852,1176.77,1146.824,1207.608,963.055,559.014,510.757,844.33,1121.617,1592.153,1551.142,13176.0
57578,PaTu Wind Farm LLC,56916,PaTu Wind Farm LLC,OR,WECC,BPAT,WND,WT,2300.189,3406.684,2725.84,3033.744,2681.89,3107.807,3821.136,3446.959,1486.166,2586.46,1867.585,1394.54,31859.0
57586,Shiloh III Wind Project LLC,57170,"EDF Renewable Asset Holdings, Inc.",CA,WECC,CISO,WND,WT,14590.128,14955.876,21680.607,29230.226,29826.09,33077.165,32476.344,27669.183,15317.756,16689.135,12771.605,12541.885,260826.0
57590,"Minco Wind I, LLC",56925,"FPLE Wind, LLC",OK,MRO,SWPP,WND,WT,25676.292,24864.338,24340.34,26409.396,20946.291,29979.069,17910.39,18312.601,17805.284,23309.212,27271.815,23090.972,279916.0
57593,Broken Bow Wind LLC,59883,NRG Energy Gas & Wind Holdings Inc,NE,MRO,SWPP,WND,WT,21391.527,22519.009,21796.075,21088.36,18213.086,22947.146,16584.732,19702.362,21394.269,21864.487,23216.41,23002.537,253720.0
57594,Teichert Materials-Teichert Vernalis,56930,"Foundation HA Energy Generation, LLC",CA,WECC,CISO,WND,WT,98.451,100.919,146.296,197.24,201.26,223.198,219.144,186.706,103.361,112.615,86.18,84.63,1760.0
57595,Pinnacle Wind Force LLC,59883,NRG Energy Gas & Wind Holdings Inc,WV,RFC,PJM,WND,WT,20358.0,17970.0,16289.0,17311.0,17659.0,10346.0,6935.0,8398.0,7083.0,11470.0,16045.0,19209.0,169073.0
57609,New Harvest Wind Project LLC,15399,Avangrid Renewables LLC,IA,MRO,MISO,WND,WT,21292.648,25688.206,25634.647,25511.372,22565.376,26469.141,14500.19,19596.055,25243.946,28189.198,32253.408,24884.813,291829.0
57613,LE Wind Turbine 1,56952,Lincoln Electric Company,OH,RFC,PJM,WND,WT,376.108,360.502,346.35,337.537,355.427,283.449,164.531,150.328,248.506,330.118,468.607,456.537,3878.0
57614,Waverly Wind Farm LLC,56948,Waverly Wind Farm LLC,KS,MRO,SWPP,WND,WT,58444.658,59802.299,61023.317,62141.689,56408.903,76155.002,47094.599,50211.933,53197.434,60034.792,69192.176,57495.198,711202.0
57616,Blue Canyon Windpower VI LLC,56945,Blue Canyon Windpower VI LLC,OK,MRO,SWPP,WND,WT,33068.972,32023.241,31348.375,34013.15,26977.116,38610.598,23067.123,23585.138,22931.755,30020.366,35123.876,29739.29,360509.0
57617,Hidalgo Wind Farm LLC,56946,Hidalgo Wind Farm LLC,TX,TRE,ERCO,WND,WT,77373.0,40417.0,42872.0,53204.0,75522.0,63319.0,89368.0,47991.0,52377.0,33011.0,48685.0,61574.0,685713.0
57620,Paulding Wind Farm II,56936,Paulding Wind Farm II LLC,OH,RFC,PJM,WND,WT,33569.0,32266.0,27728.0,27470.0,27898.0,21998.0,13013.0,12373.0,20267.0,26421.0,36652.0,34366.0,314021.0
57621,Rising Tree Wind Farm,56937,Rising Tree Wind Farm LLC,CA,WECC,CISO,WND,WT,12855.989,13178.265,19103.714,25756.009,26281.05,29145.712,28616.303,24380.507,13497.133,14705.514,11253.61,11051.194,229825.0
57623,Bright Stalk Wind Farm I,56940,Lexington Chenoa Wind Farm LLC,IL,SERC,PJM,WND,WT,65656.0,72384.0,69382.0,75005.0,62733.0,49214.0,25725.0,25109.0,38773.0,66813.0,81919.0,62310.0,695023.0
57626,Foundation ST,56930,"Foundation HA Energy Generation, LLC",CA,WECC,CISO,WND,WT,136.489,139.911,202.82,273.446,279.02,309.433,303.813,258.842,143.296,156.125,119.477,117.328,2440.0
57628,Meadow Lake Wind Farm V LLC,56941,Meadow Lake Wind Farm V LLC,IN,RFC,PJM,WND,WT,32411.0,34390.0,34223.0,33716.0,27898.0,22092.0,12092.0,8078.0,16624.0,31321.0,40803.0,33360.0,327008.0
57631,Wolverine,56962,"Wolverine Wind Energy, LLC",IA,MRO,MISO,WND,WT,339.566,409.668,408.814,406.848,359.866,422.122,231.245,312.512,402.583,449.553,514.368,396.855,4654.0
57632,Bulldog,56961,"Bulldog Wind Energy, LLC",IA,MRO,MISO,WND,WT,366.856,442.589,441.666,439.542,388.785,456.044,249.828,337.626,434.935,485.679,555.703,428.747,5028.0
57635,Linden Wind Energy Project,11208,Los Angeles Department of Water & Power,WA,WECC,BPAT,WND,WT,10776.109,11063.603,10479.089,9092.928,9004.395,8568.774,8313.248,7183.452,5736.091,10041.133,8556.914,6373.264,105189.0
57637,Union City Wind Turbine,56855,Performance Services,IN,RFC,PJM,WND,WT,0.0,0.0,0.0,0.0,0.0,0.0,0.0,0.0,0.0,0.0,0.0,0.0,0.0
57638,Randolph Eastern School Wind Turbine,56855,Performance Services,IN,RFC,PJM,WND,WT,0.0,0.0,0.0,0.0,0.0,0.0,0.0,0.0,0.0,0.0,0.0,0.0,0.0
57639,Ironwood Wind,56967,Ironwood Windpower LLC,KS,MRO,SWPP,WND,WT,51844.755,53049.081,54132.215,55124.294,50038.887,67555.143,41776.407,44541.714,47190.075,53255.319,61378.599,51002.511,630889.0
57643,"Vestas Towers America, Inc.",56972,"Vestas Towers America, Inc",CO,WECC,WACM,WND,WT,292.0,166.0,316.0,293.0,215.0,199.0,278.0,199.0,237.0,236.0,137.0,113.0,2681.0
57644,Prairie Rose Wind Farm,59380,"Enel Green Power NA, Inc.",MN,MRO,MISO,WND,WT,52170.0,63052.0,67095.0,54966.0,37704.0,57329.0,34344.0,39881.0,53602.0,61075.0,70521.0,62882.0,654621.0
57648,Zotos International WPGF,56977,Zotos International,NY,NPCC,NYIS,WND,WT,93.0,51.0,269.0,217.0,192.0,68.0,12.0,39.0,208.0,212.0,310.0,178.0,1849.0
57649,Elm Creek Wind II LLC,15399,Avangrid Renewables LLC,MN,MRO,MISO,WND,WT,24892.065,32121.882,31927.826,26651.996,22959.819,24953.818,16915.984,22647.829,23873.958,24305.373,28692.998,26209.452,306153.0
57663,Cimarron Windpower II,56988,"Cimarron Windpower II, LLC",KS,MRO,SWPP,WND,WT,45501.817,46558.801,47509.419,48380.122,43916.889,59290.121,36665.28,39092.266,41416.614,46739.807,53869.246,44762.618,553703.0
57675,"Pioneer Trail Wind Farm, LLC",56215,RWE Renewables Americas LLC,IL,SERC,MISO,WND,WT,39600.91,44558.593,47435.578,46510.402,37587.136,29419.731,16823.355,14588.241,28856.675,41485.558,56663.95,41738.871,445269.0
57678,"Post Rock Wind Power Project, LLC",56545,Pattern Operators LP,KS,WECC,SWPP,WND,WT,59843.0,65531.0,64381.0,68144.0,55514.0,77262.0,49244.0,56289.0,61500.0,70367.0,79978.0,57589.0,765642.0
57700,Vasco Winds,57024,"Vasco Winds, LLC",CA,WECC,CISO,WND,WT,12639.284,12956.128,18781.696,25321.858,25838.049,28654.423,28133.938,23969.541,13269.622,14457.633,11063.916,10864.912,225951.0
57701,Montezuma Wind II,57026,"NextEra Energy Montezuma Wind II, LLC",CA,WECC,CISO,WND,WT,11508.497,11796.991,17101.367,23056.405,23526.414,26090.817,25616.898,21825.075,12082.438,13164.162,10074.068,9892.868,205736.0
57721,Berkshire Wind Power Project,11806,Massachusetts Mun Wholes Electric Co,MA,NPCC,ISNE,WND,WT,5770.0,5504.0,5495.0,6166.0,4764.0,2853.0,2925.0,2908.0,3979.0,3381.0,6266.0,6139.0,56150.0
57725,Shiloh IV Wind Project LLC,57170,"EDF Renewable Asset Holdings, Inc.",CA,WECC,CISO,WND,WT,15526.254,15915.468,23071.668,31105.683,31739.778,35199.447,34560.076,29444.481,16300.567,17759.935,13591.051,13346.592,277561.0
57732,UMM Wind Turbine,57046,University of Minnesota Morris Campus,MN,MRO,MISO,WND,WT,436.857,563.741,560.335,467.744,402.946,437.941,296.876,397.471,418.989,426.56,503.563,459.977,5373.0
57741,Suzlon Project VIII LLC,57054,Suzlon Project VIII LLC,TX,TRE,SWPP,WND,WT,553.371,535.713,533.304,536.943,559.727,589.039,484.847,445.128,362.106,510.442,517.842,551.538,6180.0
57744,Laurel Hill Wind,57053,Laurel Wind Energy LLC,PA,RFC,PJM,WND,WT,19939.0,13194.0,18954.0,17916.0,13409.0,6875.0,7153.0,8024.0,12245.0,14389.0,21629.0,19515.0,173242.0
57748,Gordon Butte Wind LLC,57042,Gordon Butte Wind LLC,MT,WECC,NWMT,WND,WT,7781.295,8115.15,6416.941,6575.621,5170.624,5867.601,4131.976,3979.782,5549.179,6269.338,9373.109,8010.384,77241.0
57749,Sawtooth Wind Project,57041,Idaho Winds LLC,ID,WECC,IPCO,WND,WT,5189.251,6236.739,4516.673,4353.198,4687.066,4494.538,3673.702,3609.603,2877.768,4520.132,4907.031,4414.299,53480.0
57751,Los Vientos Wind 1A,57063,"Los Vientos Wind 1A, LLC",TX,TRE,ERCO,WND,WT,45845.0,61276.0,46559.0,46640.0,55939.0,39017.0,51566.0,31784.0,36887.0,34426.0,35813.0,27862.0,513614.0
57752,Los Vientos Wind 1B,57064,"Los Vientos Wind 1B, LLC",TX,TRE,ERCO,WND,WT,45540.0,57682.0,42533.0,37788.0,45796.0,33774.0,41082.0,27038.0,32073.0,30184.0,30374.0,24365.0,448229.0
57755,TPW Petersburg,57050,TPW Petersburg LLC,NE,MRO,SWPP,WND,WT,16480.209,17348.832,16791.878,16246.648,14031.513,17678.672,12777.016,15178.864,16482.323,16844.583,17886.116,17721.346,195468.0
57756,Coastal Energy Project,57066,Coastal Community Action Program,WA,WECC,BPAT,WND,WT,1409.648,1447.254,1370.792,1189.465,1177.884,1120.9,1087.474,939.683,750.35,1313.502,1119.348,833.7,13760.0
57757,Pacific Wind LLC,57170,"EDF Renewable Asset Holdings, Inc.",CA,WECC,CISO,WND,WT,16177.15,16582.681,24038.886,32409.705,33070.383,36675.089,36008.915,30678.862,16983.925,18504.473,14160.819,13906.112,289197.0
57760,Power County Wind Park South,57068,Power County Wind Park South LLC,ID,WECC,PACE,WND,WT,6117.746,7352.659,5324.826,5132.101,5525.707,5298.731,4331.026,4255.458,3392.677,5328.904,5785.03,5204.135,63049.0
57761,Power County Wind Park North,57069,Power County Wind Park North LLC,ID,WECC,PACE,WND,WT,6821.615,8198.607,5937.466,5722.566,6161.458,5908.368,4829.325,4745.062,3783.016,5942.012,6450.617,5802.888,70303.0
57762,Cimarron Wind Energy LLC,58143,Cimarron Wind Energy LLC,KS,MRO,SWPP,WND,WT,56063.0,50864.0,61909.0,56851.0,59933.0,78162.0,49182.0,50511.0,54940.0,63997.0,54220.0,46172.0,682804.0
57766,Rockland Wind Farm,57075,Ridgeline Energy LLC,ID,WECC,IPCO,WND,WT,25070.256,30130.868,21820.902,21031.121,22644.101,21713.964,17748.35,17438.676,13903.041,21837.611,23706.796,21326.314,258372.0
57767,Brown County Wind Turbine,57077,Adams Electric Cooperative,IL,SERC,MISO,WND,WT,254.094,285.903,304.363,298.427,241.172,188.767,107.944,93.603,185.154,266.186,363.576,267.811,2857.0
57769,Mehoopany Wind Energy LLC,55963,AE Power Services LLC,PA,RFC,PJM,WND,WT,41145.702,35131.281,40409.631,39650.064,36182.445,21521.506,16101.542,19179.078,22598.74,32449.944,46268.278,47066.789,397705.0
57774,Windstar 1,63235,Brookfield Renewable Trading and Marketing LP,CA,WECC,CISO,WND,WT,15570.223,15960.537,23137.002,31193.768,31829.659,35299.125,34657.944,29527.862,16346.727,17810.228,13629.538,13384.387,278347.0
57775,Kingman 1,63235,Brookfield Renewable Trading and Marketing LP,AZ,WECC,AZPS,WND,WT,2722.0,2389.0,2559.0,1825.0,2487.0,1991.0,1680.0,1521.0,1450.0,1827.0,2746.0,3376.0,26573.0
57787,Flat Ridge 2 Wind Energy LLC,55963,AE Power Services LLC,KS,MRO,SWPP,WND,WT,162288.0,162032.0,154571.0,147786.0,130527.0,187847.0,105656.0,114913.0,118659.0,161504.0,179772.0,149604.0,1775159.0
57791,Foundation AB,56930,"Foundation HA Energy Generation, LLC",CA,WECC,CISO,WND,WT,128.603,131.826,191.099,257.644,262.896,291.552,286.256,243.885,135.015,147.103,112.573,110.548,2299.0
57792,Foundation IE,56930,"Foundation HA Energy Generation, LLC",CA,WECC,CISO,WND,WT,25.004,25.631,37.156,50.094,51.116,56.687,55.658,47.419,26.251,28.602,21.888,21.494,447.0
57800,Bison 2 Wind Energy Center,12647,"ALLETE, Inc.",ND,MRO,MISO,WND,WT,24461.411,27699.892,27932.671,27583.262,26118.458,25047.286,19831.109,20396.705,28311.601,28628.099,31671.485,28617.021,316299.0
57801,Bison 3 Wind Energy Center,12647,"ALLETE, Inc.",ND,MRO,MISO,WND,WT,24805.791,28089.864,28325.92,27971.592,26486.165,25399.913,20110.3,20683.859,28710.184,29031.138,32117.37,29019.904,320752.0
57802,Magic Valley Wind Farm I LLC,56215,RWE Renewables Americas LLC,TX,TRE,ERCO,WND,WT,62674.0,57034.0,53987.0,46980.0,59740.0,44671.0,49137.0,13755.0,30383.0,36825.0,34726.0,49599.0,539511.0
57803,Lime Wind,57122,Lime Wind LLC,OR,WECC,IPCO,WND,WT,382.437,566.408,453.209,504.402,445.901,516.716,635.317,573.105,247.096,430.035,310.512,231.862,5297.0
57813,GL Wind,57127,GL Wind LLC,MN,MRO,MISO,WND,WT,809.645,1044.803,1038.492,866.889,746.796,811.653,550.213,736.648,776.53,790.562,933.275,852.494,9958.0
57823,WCROC Wind Farm,57138,University of Minnesota WCROC,MN,MRO,MISO,WND,WT,376.445,485.784,482.85,403.062,347.225,377.381,255.823,342.507,361.05,367.574,433.929,396.37,4630.0
57830,Rippey Wind Farm,60025,Greenbacker Renewable Energy Corporation,IA,MRO,MISO,WND,WT,10891.66,13140.087,13112.69,13049.632,11542.69,13539.552,7417.169,10023.816,12912.838,14419.4,16498.333,12729.133,149277.0
57832,Hawkeye Wind Farm,60025,Greenbacker Renewable Energy Corporation,IA,MRO,MISO,WND,WT,9479.831,11436.806,11412.96,11358.076,10046.471,11784.491,6455.72,8724.481,11239.014,12550.288,14359.74,11079.122,129927.0
57833,Mustang Hills LLC,63800,Longroad Energy Services 2,CA,WECC,CISO,WND,WT,15479.098,15867.13,23001.595,31011.21,31643.379,35092.54,34455.112,29355.053,16251.06,17705.995,13549.772,13306.056,276718.0
57834,Pinyon Pine I,59868,"Pinyon Pines Wind I, LLC",CA,WECC,CISO,WND,WT,15458.456,15845.971,22970.923,30969.857,31601.183,35045.745,34409.166,29315.908,16229.389,17682.385,13531.704,13288.313,276349.0
57835,Alta Wind VIII,63235,Brookfield Renewable Trading and Marketing LP,CA,WECC,CISO,WND,WT,11980.276,12280.601,17802.426,24001.586,24490.862,27160.392,26667.045,22719.779,12577.749,13703.818,10487.047,10298.419,214170.0
57837,Pinyon Pine II,59869,"Pinyon Pines Wind II, LLC",CA,WECC,CISO,WND,WT,11552.352,11841.946,17166.536,23144.266,23616.066,26190.242,25714.517,21908.244,12128.48,13214.327,10112.457,9930.567,206520.0
57844,Franklin County Wind Farm,9417,Interstate Power and Light Co,IA,MRO,MISO,WND,WT,17190.097,20738.745,20695.505,20595.982,18217.604,21369.213,11706.374,15820.395,20380.082,22757.859,26038.999,20090.145,235601.0
57851,Sigel Wind Park,5109,DTE Electric Company,MI,RFC,MISO,WND,WT,24528.0,28260.0,24026.0,21635.0,19029.0,14049.0,11427.0,13494.0,20514.0,22628.0,29192.0,27797.0,256579.0
57852,Minden Wind Park,5109,DTE Electric Company,MI,RFC,MISO,WND,WT,10318.0,12634.0,10766.0,10048.0,9136.0,6603.0,5205.0,5565.0,8785.0,10105.0,12717.0,12068.0,113950.0
57853,McKinley Wind Park,5109,DTE Electric Company,MI,RFC,MISO,WND,WT,5262.0,5835.0,4923.0,4006.0,3700.0,2080.0,2430.0,2720.0,4186.0,4755.0,6230.0,5568.0,51695.0
57855,Ipswich Wind Turbine,9442,Town of Ipswich - (MA),MA,NPCC,ISNE,WND,WT,277.152,295.358,372.147,427.596,354.772,195.734,205.799,231.53,259.634,276.226,457.695,420.357,3774.0
57858,Caney River Wind Project,57191,Caney River Wind Project,KS,MRO,SWPP,WND,WT,66655.0,61057.0,62889.0,69567.0,46768.0,61558.0,34833.0,34649.0,45682.0,69858.0,77223.0,65233.0,695972.0
57862,"Wildcat Wind Farm I, LLC",56215,RWE Renewables Americas LLC,IN,RFC,PJM,WND,WT,62270.101,58715.312,64148.577,62436.82,49754.883,36153.429,19165.997,16047.147,34185.595,56140.817,74224.301,62787.021,596030.0
57866,Golden Spread Panhandle Wnd Rch,7349,"Golden Spread Electric Cooperative, Inc",TX,MRO,SWPP,WND,WT,21881.391,21183.213,21087.949,21231.845,22132.78,23291.818,19171.856,17601.271,14318.425,20183.927,20476.557,21808.968,244370.0
57867,Howard Wind Farm,63800,Longroad Energy Services 2,NY,NPCC,NYIS,WND,WT,10765.292,10911.78,13153.444,12566.434,8869.916,6765.978,7611.921,6911.025,9806.028,10484.021,15685.14,12640.021,126171.0
57873,Eclipse Wind Farm,12341,MidAmerican Energy Co,IA,MRO,MISO,WND,WT,44089.0,62128.0,61922.0,55983.0,43430.0,62173.0,34302.0,44680.0,64177.0,64308.0,80484.0,58879.0,676555.0
57874,Vienna Wind Farm,12341,MidAmerican Energy Co,IA,MRO,MISO,WND,WT,33883.758,40878.568,40793.337,40597.165,35909.096,42121.298,23074.675,31183.907,40171.6,44858.487,51326.01,39600.099,464398.0
57875,Morning Light Wind Farm,12341,MidAmerican Energy Co,IA,MRO,MISO,WND,WT,23915.659,28852.7,28792.543,28654.081,25345.173,29729.837,16286.448,22010.065,28353.711,31661.785,36226.66,27950.338,327779.0
57880,Eolos Wind Energy Research Field Station,57215,Regents of the University of Minnesota,MN,MRO,MISO,WND,WT,223.185,288.008,286.268,238.965,205.86,223.739,151.67,203.063,214.056,217.925,257.264,234.997,2745.0
57887,Wildcat Wind,57257,"Wildcat Wind, LLC",NM,MRO,SWPP,WND,WT,8032.972,7234.938,8492.248,7818.091,7571.737,8778.01,5044.487,5538.397,5679.495,3064.058,7983.439,8056.128,83294.0
57888,Harvest 2,57256,"Harvest II Windfarm, LLC",MI,RFC,MISO,WND,WT,19596.468,21597.005,18634.356,16257.287,14753.767,10916.207,8073.059,9587.909,15836.961,19016.227,26863.519,22211.235,203344.0
57889,KODE Novus II,56627,DeWind Co.,OK,MRO,SWPP,WND,WT,3556.042,3443.589,3371.018,3657.572,2900.959,4151.955,2480.502,2536.206,2465.945,3228.212,3777.013,3197.987,38767.0
57890,"Horse Butte Wind I, LLC",40575,Utah Associated Mun Power Sys,ID,WECC,BPAT,WND,WT,17796.086,21388.354,15489.537,14928.912,16073.883,15413.627,12598.641,12378.819,9869.054,15501.397,16828.236,15138.454,183405.0
57913,Tule Wind LLC,15399,Avangrid Renewables LLC,CA,WECC,CISO,WND,WT,30529.0,27200.0,44231.0,27656.0,33585.0,38161.0,25656.0,27743.0,4239.0,21923.0,23423.0,36346.0,340692.0
57927,Baffin Wind,15399,Avangrid Renewables LLC,TX,TRE,ERCO,WND,WT,49217.324,47646.93,47432.655,47756.316,49782.77,52389.768,43122.828,39590.146,32206.115,45399.257,46057.464,49054.427,549656.0
57935,Eva Creek Wind,7353,Golden Valley Elec Assn Inc,AK,Unknown,Unknown,WND,WT,4026.624,4127.507,4135.042,4115.112,3909.02,4144.296,3054.914,3097.975,3129.061,3849.383,4422.293,4076.773,46088.0
57947,Macho Springs Power I,59365,Capital Power Corporation,NM,WECC,EPE,WND,WT,12449.208,11212.443,13160.976,12116.192,11734.401,13603.84,7817.762,8583.205,8801.873,4748.566,12372.442,12485.092,129086.0
57956,"Minco Wind II, LLC",56925,"FPLE Wind, LLC",OK,MRO,SWPP,WND,WT,30972.516,29993.08,29360.998,31856.836,25266.862,36162.822,21604.749,22089.924,21477.962,28117.181,32897.146,27853.924,337654.0
57962,Brookfield Tehachapi 1,56769,Consolidated Edison Development Inc.,CA,WECC,CISO,WND,WT,14020.176,14371.634,20833.668,28088.366,28660.953,31785.027,31207.676,26588.304,14719.378,16037.184,12272.69,12051.944,250637.0
57963,Musselshell Wind Project,57333,Musselshell Wind Project LLC,MT,WECC,NWMT,WND,WT,2624.793,2737.409,2164.568,2218.094,1744.159,1979.264,1393.802,1342.464,1871.854,2114.778,3161.745,2702.07,26055.0
57964,Shady Oaks Wind Farm,59050,Algonquin Power Co,IL,MRO,PJM,WND,WT,28430.862,31990.154,34055.641,33391.425,26985.104,21121.441,12078.068,10473.402,20717.204,29783.915,40681.007,29965.777,319674.0
57965,Musselshell Wind Project Two LLC,57338,Musselshell Wind Project Two LLC,MT,WECC,NWMT,WND,WT,3109.659,3243.076,2564.417,2627.83,2066.348,2344.883,1651.271,1590.45,2217.631,2505.43,3745.797,3201.208,30868.0
57968,Cashton Greens Wind Farm,57340,Cashton Greens Wind Farm LLC,WI,MRO,MISO,WND,WT,993.184,1160.71,1106.655,1017.791,949.778,700.327,475.29,500.998,908.528,1078.179,1370.601,1009.959,11272.0
57973,Spinning Spur Wind LLC,57170,"EDF Renewable Asset Holdings, Inc.",TX,MRO,SWPP,WND,WT,56626.031,54819.247,54572.717,54945.099,57276.596,60276.027,49614.129,45549.671,37054.119,52233.231,52990.518,56438.615,632396.0
57974,Bobcat Bluff Wind Project LLC,57170,"EDF Renewable Asset Holdings, Inc.",TX,TRE,ERCO,WND,WT,49435.895,47858.528,47643.302,47968.4,50003.853,52622.429,43314.335,39765.965,32349.141,45600.874,46262.003,49272.275,552097.0
57975,Spearville 3 LLC,57170,"EDF Renewable Asset Holdings, Inc.",KS,MRO,SWPP,WND,WT,34004.47,34794.38,35504.797,36155.492,32820.023,44308.766,27400.742,29214.48,30951.515,34929.65,40257.63,33452.055,413794.0
57976,Pocahontas Prairie Wind Farm,12341,MidAmerican Energy Co,IA,MRO,MISO,WND,WT,7484.665,9029.766,9010.939,8967.606,7932.047,9304.276,5097.021,6888.289,8873.602,9908.9,11337.527,8747.362,102582.0
57979,Kingdom Community Wind,7601,Green Mountain Power Corp,VT,NPCC,ISNE,WND,WT,7716.0,10000.0,19035.0,15916.0,16665.0,9830.0,11854.0,11704.0,15980.0,13818.0,18839.0,17417.0,168774.0
57980,Busch Ranch Wind Energy Farm,56146,"Black Hills Colorado Electric, LLC",CO,WECC,PSCO,WND,WT,9448.029,7592.534,6850.718,6702.303,9452.856,6989.034,7581.09,7200.69,6229.884,6582.622,7550.966,9247.274,91428.0
57981,Senate Wind LLC,59050,Algonquin Power Co,TX,TRE,ERCO,WND,WT,44930.051,43496.452,43300.843,43596.31,45446.241,47826.146,39366.44,36141.487,29400.672,41444.572,42045.443,44781.343,501776.0
57983,Stephens Ranch Wind Energy LLC,57355,Stephens Ranch Wind Energy LLC,TX,TRE,ERCO,WND,WT,127892.0,119482.0,129780.0,117510.0,120195.0,134075.0,85990.0,87803.0,61468.0,119602.0,124335.0,130531.0,1358663.0
57984,Lake Winds Energy Park,4254,Consumers Energy Co,MI,RFC,MISO,WND,WT,26346.873,29036.535,25053.341,21857.442,19836.003,14676.517,10853.99,12890.66,21292.326,25566.756,36117.208,29862.349,273390.0
57987,Canadian Hills Wind,57363,Canadian Hills Wind LLC,OK,MRO,SWPP,WND,WT,100422.0,88216.0,74858.0,91172.0,62959.0,97084.0,53854.0,51186.0,52755.0,74709.0,84090.0,72947.0,904252.0
57991,Highland North Wind Farm,63800,Longroad Energy Services 2,PA,RFC,PJM,WND,WT,20404.165,17421.61,20039.145,19662.476,17942.883,10672.52,7984.758,9510.909,11206.72,16091.934,22944.449,23340.431,197222.0
57995,NaturEner Rim Rock Energy,57370,NaturEner Rim Rock Energy LLC,MT,WECC,WWA,WND,WT,66287.0,72825.0,56464.0,61768.0,52113.0,55009.0,41632.0,42588.0,50124.0,51523.0,86687.0,68565.0,705585.0
57996,Auwahi Wind Energy Hybrid,57372,Auwahi Wind Energy LLC,HI,Unknown,Unknown,WND,WT,7966.404,8165.995,8180.902,8141.472,7733.733,8199.21,6043.94,6129.135,6190.636,7615.744,8749.209,8065.62,91182.0
57998,Twin Ridges Wind Farm,63800,Longroad Energy Services 2,PA,RFC,PJM,WND,WT,43110.057,36808.498,42338.844,41543.014,37909.846,22548.973,16870.253,20094.714,23677.636,33999.15,48477.191,49313.824,416692.0
57999,Patton Wind Farm,63800,Longroad Energy Services 2,PA,RFC,PJM,WND,WT,8192.619,6995.074,8046.059,7894.82,7204.374,4285.199,3206.017,3818.792,4499.69,6461.186,9212.588,9371.582,79188.0
58000,"Anacacho Wind Farm, LLC",56215,RWE Renewables Americas LLC,TX,TRE,ERCO,WND,WT,28597.938,27685.455,27560.95,27749.015,28926.494,30441.302,25056.706,23004.026,18713.503,26379.435,26761.889,28503.287,319380.0
58004,Granite Reliable Power,57378,Granite Reliable Power,NH,NPCC,ISNE,WND,WT,20082.0,17699.0,25559.0,25597.0,22079.0,11762.0,10886.0,10929.0,17147.0,20326.0,29511.0,23757.0,235334.0
58008,California Ridge Wind Energy LLC,59139,SunEdison LLC,IL,SERC,MISO,WND,WT,68262.0,73342.0,73298.0,77543.0,62112.0,47713.0,29364.0,19425.0,32671.0,43295.0,71678.0,74373.0,673076.0
58018,Shooting Star,57395,"Shooting Star Power Partners, LLC",KS,MRO,SWPP,WND,WT,36109.609,36948.417,37702.814,38393.792,34851.832,47051.816,29097.056,31023.079,32867.649,37092.061,42749.884,35522.991,439411.0
58019,High Mesa,57396,"High Mesa Energy, LLC",ID,WECC,IPCO,WND,WT,9989.0,11040.0,6062.0,7638.0,8427.0,8293.0,6561.0,5796.0,5195.0,6501.0,9033.75,8089.0,92624.75
58020,Beebe 1A,57397,"Beebe Renewable Energy, LLC",MI,RFC,MISO,WND,WT,21296.647,23470.748,20251.061,17667.759,16033.794,11863.29,8773.473,10419.75,17210.966,20666.063,29194.181,24138.268,220986.0
58021,Whitetail,57398,"Whitetail Wind Energy, LLC",TX,TRE,ERCO,WND,WT,21496.538,20810.641,20717.053,20858.418,21743.507,22882.16,18834.659,17291.698,14066.592,19828.93,20116.414,21425.39,240072.0
58025,Mt Wachusett Community College,57401,Mt Wachusett Community College,MA,NPCC,ISNE,WND,WT,611.82,410.85,380.16,595.98,505.89,177.21,192.06,224.73,283.14,339.57,547.47,575.19,4844.07
58026,Spruce Mountain WInd,57402,Spruce Mountain Wind LLC,ME,NPCC,ISNE,WND,WT,4180.196,4921.252,6188.814,6161.206,5575.661,2897.269,2157.149,3190.783,4503.384,4615.728,5824.564,5644.994,55861.0
58035,Block Island Wind Farm,57406,Deepwater Wind Block Island LLC,RI,NPCC,ISNE,WND,WS,11762.0,10109.0,13219.0,12882.0,11712.0,6527.0,7166.0,6351.0,6783.0,8197.0,11757.0,13764.0,120229.0
58038,Buffalo Center Wind LLC,57409,Buffalo Center Wind LLC,IA,MRO,MISO,WND,WT,387.87,467.94,466.964,464.719,411.054,482.166,264.138,356.965,459.847,513.499,587.533,453.305,5316.0
58041,Chisholm View Wind Project,57412,Chisholm View Wind Project,OK,MRO,SWPP,WND,WT,91785.0,83330.0,84684.0,90656.0,69052.0,110850.0,59466.0,57509.0,61157.0,90788.0,104391.0,80391.0,984059.0
58044,"Anchor Wind, LLC",57416,"Acciona Energy USA Global, LLC",IA,MRO,MISO,WND,WT,1288.96,1555.047,1551.805,1544.342,1366.005,1602.321,877.776,1186.256,1528.154,1706.446,1952.475,1506.413,17666.0
58045,Community Wind South,60025,Greenbacker Renewable Energy Corporation,MN,MRO,MISO,WND,WT,5853.379,7553.473,7507.841,6267.228,5399.011,5867.9,3977.8,5325.646,5613.971,5715.418,6747.17,6163.163,71992.0
58048,BayWa r.e Mozart LLC,57421,BayWa r.e Wind LLC,TX,TRE,ERCO,WND,WT,5835.276,5649.088,5623.683,5662.057,5902.316,6211.406,5112.704,4693.864,3818.403,5382.601,5460.639,5815.963,65168.0
58065,Charlestown Wind Turbine,57443,MWRA Charlestown,MA,NPCC,ISNE,WND,WT,122.124,130.149,163.985,188.419,156.329,86.25,90.685,102.023,114.407,121.718,201.682,185.229,1663.0
58071,Windwalkers LLC,56769,Consolidated Edison Development Inc.,IA,MRO,MISO,WND,WT,243.842,294.179,293.566,292.154,258.417,303.122,166.055,224.412,289.091,322.82,369.363,284.979,3342.0
58078,Rocky Ridge Wind Project,57451,Rocky Ridge Wind Project LLC,OK,MRO,SWPP,WND,WT,53986.754,52279.545,51177.792,55528.171,44041.493,63033.736,37658.234,38503.919,37437.238,49009.751,57341.486,48550.881,588549.0
58080,Wolf Ridge Wind,57460,NextEra Wolf Ridge LLC,TX,TRE,ERCO,WND,WT,24359.017,23581.787,23475.737,23635.926,24638.874,25929.149,21342.684,19594.262,15939.7,22469.352,22795.116,24278.396,272040.0
58088,Stony Creek Wind Farm NY,49893,Invenergy Services LLC,NY,NPCC,NYIS,WND,WT,24029.186,24356.158,29359.771,28049.508,19798.519,15102.324,16990.551,15426.084,21888.013,23401.36,35010.764,28213.762,281626.0
58089,Roeder Family Wind Farm LLC,56769,Consolidated Edison Development Inc.,IA,MRO,MISO,WND,WT,269.596,325.252,324.574,323.013,285.712,335.14,183.595,248.116,319.627,356.918,408.377,315.08,3695.0
58098,El Cabo Wind,15399,Avangrid Renewables LLC,NM,WECC,PNM,WND,WT,127430.0,113132.0,116830.0,106990.0,99385.0,87489.0,54234.0,50205.0,63431.0,13614.0,111807.0,132564.0,1077111.0
58099,Montague Wind Power Facility LLC,15399,Avangrid Renewables LLC,OR,WECC,AVRN,WND,WT,46029.0,59784.0,45665.0,51887.0,54311.0,67168.0,68015.0,55275.0,29640.0,49984.0,36128.0,25703.0,589589.0
58101,Foundation Cemex River Plant,57476,Foundation CA Fund VI Manager LLC,CA,WECC,CISO,WND,WT,164.18,168.294,243.966,328.919,335.624,372.208,365.447,311.353,172.366,187.798,143.715,141.13,2935.0
58102,Foundation Cemex BMQ,57476,Foundation CA Fund VI Manager LLC,CA,WECC,CISO,WND,WT,194.888,199.774,289.6,390.445,398.404,441.83,433.805,369.593,204.608,222.926,170.598,167.529,3484.0
58103,Heritage Garden Wind Farm I LLC,64331,DTE Sustainable Generation,MI,RFC,MISO,WND,WT,6901.419,7605.96,6562.584,5725.436,5195.931,3844.433,2843.143,3376.637,5577.407,6697.07,9460.703,7822.277,71613.0
58104,Foundation Superior Farms,57476,Foundation CA Fund VI Manager LLC,CA,WECC,CISO,WND,WT,55.0,166.0,115.0,117.0,132.0,150.0,138.0,94.0,68.0,114.0,92.0,94.0,1335.0
58105,Foundation Wal-Mart Red Bluff,57476,Foundation CA Fund VI Manager LLC,CA,WECC,CISO,WND,WT,135.0,192.0,221.0,129.0,181.0,154.0,60.0,62.0,112.0,176.0,162.0,171.0,1755.0
58106,Meadow Creek Project Company,57075,Ridgeline Energy LLC,ID,WECC,PACE,WND,WT,35022.789,42092.393,30483.489,29380.176,31633.486,30334.098,24794.192,24361.581,19422.351,30506.831,33118.057,29792.557,360942.0
58111,Bishop Hill II Wind Farm,59870,"Bishop Hill Energy II, LLC",IL,SERC,MISO,WND,WT,24146.319,27169.225,28923.442,28359.324,22918.438,17938.432,10257.898,8895.056,17595.113,25295.467,34550.363,25449.923,271499.0
58112,Foundation Cemex Madison,57484,"Foundation CA Fund V Manager, LLC",CA,WECC,CISO,WND,WT,99.457,101.951,147.792,199.257,203.319,225.481,221.385,188.615,104.418,113.767,87.062,85.496,1778.0
58113,Foundation RRM,57484,"Foundation CA Fund V Manager, LLC",CA,WECC,CISO,WND,WT,517.874,530.858,769.552,1037.525,1058.675,1174.072,1152.745,982.116,543.703,592.38,453.327,445.173,9258.0
58114,Foundation NWNA,57484,"Foundation CA Fund V Manager, LLC",CA,WECC,CISO,WND,WT,1094.653,1122.095,1626.632,2193.057,2237.763,2481.681,2436.604,2075.937,1149.246,1252.136,958.216,940.98,19569.0
58121,Echo Wind Park,5109,DTE Electric Company,MI,RFC,MISO,WND,WT,39187.0,43268.0,36982.0,32063.0,27613.0,21798.0,17740.0,19551.0,29511.0,35879.0,46844.0,41812.0,392248.0
58126,Limon Wind I,57503,Limon,CO,WECC,PSCO,WND,WT,66967.0,54857.0,59412.0,44813.0,73544.0,52568.0,60699.0,61873.0,55697.0,51562.0,60425.0,68711.0,711128.0
58127,Limon Wind II,57503,Limon,CO,WECC,PSCO,WND,WT,60033.0,46112.0,50025.0,40044.0,66910.0,46717.0,50547.0,50851.0,46127.0,42867.0,51237.0,59804.0,611274.0
58137,Ensign Wind LLC,58090,NextEra Energy Resources Ensign Wind,KS,MRO,SWPP,WND,WT,36519.675,37368.007,38130.971,38829.796,35247.613,47586.141,29427.486,31375.38,33240.898,37513.282,43235.357,35926.394,444401.0
58141,Groton Wind LLC,15399,Avangrid Renewables LLC,NH,NPCC,ISNE,WND,WT,13159.0,7550.0,12259.0,11698.0,11099.0,0.0,5111.0,6251.0,7136.0,8751.0,11113.0,12622.0,106749.0
58154,North Sky River Energy LLC,58121,North Sky River Energy LLC,CA,WECC,CISO,WND,WT,23965.141,24565.903,35611.668,48012.361,48991.102,54331.183,53344.299,45448.256,25160.313,27412.882,20978.11,20600.782,428422.0
58155,Perrin Ranch Wind LLC,58132,Perrin Ranch Wind LLC,AZ,WECC,AZPS,WND,WT,17069.0,16800.0,23738.0,20538.0,22250.0,22616.0,13996.0,14339.0,10421.0,12637.0,18339.0,19445.0,212188.0
58162,Cirrus Wind 1 LLC,58134,Cirrus Wind 1 LLC,TX,MRO,SWPP,WND,WT,1959.09,1896.581,1888.052,1900.935,1981.598,2085.369,1716.5,1575.882,1281.961,1807.113,1833.313,1952.606,21879.0
58203,"Minco Wind III, LLC",56925,"FPLE Wind, LLC",OK,MRO,SWPP,WND,WT,36075.194,34934.396,34198.179,37105.203,29429.54,42120.594,25164.099,25729.206,25016.425,32749.445,38316.902,32442.817,393282.0
58209,"NextEra-Blackwell Wind, LLC",58180,"Blackwell Wind, LLC",OK,MRO,SWPP,WND,WT,18776.196,18182.44,17799.258,19312.288,15317.306,21922.668,13097.256,13391.379,13020.395,17045.23,19942.946,16885.638,204693.0
58218,Spion Kop Wind Farm,13902,NorthWestern Energy,MT,WECC,NWMT,WND,WT,14707.102,15338.108,12128.394,12428.307,9772.781,11090.109,7809.675,7522.021,10488.272,11849.414,17715.723,15140.094,145990.0
58220,Haviland Plastic Products,58187,Haviland Plastic Products Co,OH,RFC,PJM,WND,WT,1254.604,1202.541,1155.335,1125.934,1185.611,945.513,548.831,501.454,828.95,1101.187,1563.152,1522.888,12936.0
58233,Wagner Wind LLC,60025,Greenbacker Renewable Energy Corporation,CA,WECC,CISO,WND,WT,762.774,781.894,1133.463,1528.158,1559.31,1729.276,1697.865,1446.547,800.813,872.509,667.7,655.691,13636.0
58238,Georgia Mountain Community Wind Farm,60025,Greenbacker Renewable Energy Corporation,VT,NPCC,ISNE,WND,WT,1482.0,1698.0,2504.0,2611.0,2039.0,1830.0,1911.0,1961.0,2921.0,3148.0,3892.0,2955.0,28952.0
58242,Pattern Panhandle Wind LLC,56545,Pattern Operators LP,TX,TRE,ERCO,WND,WT,41227.0,51784.0,64219.0,67577.0,62478.0,68536.0,49413.0,60665.0,35633.0,34720.0,38526.0,49300.0,624078.0
58321,Goldthwaite Wind Energy Facility,49893,Invenergy Services LLC,TX,TRE,ERCO,WND,WT,49277.226,47704.922,47490.387,47814.442,49843.362,52453.533,43175.314,39638.332,32245.314,45454.514,46113.522,49114.132,550325.0
58322,Prairie Breeze,59139,SunEdison LLC,NE,MRO,SWPP,WND,WT,70329.323,74036.168,71659.366,69332.596,59879.504,75443.761,54525.935,64775.825,70338.339,71884.283,76329.027,75625.873,834160.0
58324,Vansycle II Wind Energy Center,58298,FPL Energy Stateline II Inc,OR,WECC,PACW,WND,WT,22440.048,33234.708,26592.58,29596.402,26163.813,30318.941,37277.996,33627.622,14498.64,25232.819,18219.669,13604.762,310808.0
58351,Tuscola Bay Wind,58340,Tuscola Bay Wind LLC,MI,RFC,MISO,WND,WT,36323.0,42080.0,36979.0,30798.0,30357.0,20449.0,15026.0,15925.0,26795.0,31833.0,46744.0,37292.0,370601.0
58363,Majestic II Wind,58353,NextEra Energy Majestic Wind,TX,TRE,SWPP,WND,WT,30321.623,29354.141,29222.132,29421.532,30669.982,32276.091,26566.95,24390.548,19841.422,27969.404,28374.909,30221.266,338630.0
58372,Blue Summit Wind LLC,58360,Blue Summit Wind LLC,TX,TRE,ERCO,WND,WT,40021.982,38744.987,38570.746,38833.937,40481.785,42601.714,35066.13,32193.464,26189.002,36917.251,37452.483,39889.519,446963.0
58394,Alta Wind X,60015,NRG Yield LLC,CA,WECC,CISO,WND,WT,19429.843,19916.913,28872.314,38926.231,39719.749,44049.243,43249.123,36847.371,20398.833,22225.113,17008.094,16702.173,347345.0
58395,Alta Wind XI,60015,NRG Yield LLC,CA,WECC,CISO,WND,WT,12016.527,12317.757,17856.289,24074.206,24564.963,27242.569,26747.729,22788.52,12615.804,13745.28,10518.777,10329.579,214818.0
58404,Pantex,58388,Pantex (NNSA),TX,MRO,SWPP,WND,WT,3598.0,4067.0,4499.0,4446.0,4135.0,5430.0,3162.0,3468.0,2797.0,1370.0,0.0,0.0,36972.0
58407,Luther College Wind Project,58389,Luther College Wind Energy Project LLC,IA,MRO,MISO,WND,WT,206.849,249.55,249.03,247.833,219.213,257.137,140.863,190.368,245.235,273.847,313.329,241.746,2835.0
58414,NLMU Wind,13468,New London Municipal Utilities,IA,MRO,MISO,WND,WT,309.509,373.401,372.623,370.831,328.008,384.753,210.773,284.846,366.944,409.756,468.833,361.723,4242.0
58416,Headwaters Wind Farm LLC,58412,Headwaters Wind Farm LLC,IN,RFC,PJM,WND,WT,67939.009,64060.599,69988.494,68120.903,54284.436,39444.742,20910.819,17508.037,37297.761,61251.729,80981.485,68502.986,650291.0
58424,Harbor Wind LLC,58420,Harbor Wind Tenant LLC,TX,TRE,ERCO,WND,WT,0.0,0.0,0.0,0.0,0.0,0.0,0.0,0.0,0.0,0.0,0.0,0.0,0.0
58425,Fire Island Wind,58422,Fire Island Wind LLC,AK,Unknown,Unknown,WND,WT,4123.866,4227.184,4234.901,4214.49,4003.421,4244.378,3128.688,3172.789,3204.626,3942.343,4529.089,4175.225,47201.0
58441,Swauk Wind LLC,58430,Gamesa Wind US LLC,WA,WECC,PSEI,WND,WT,1375.43,1412.124,1337.519,1160.593,1149.293,1093.692,1061.077,916.874,732.137,1281.619,1092.178,813.464,13426.0
58444,Junction Hilltop Wind Farm,58439,Junction Hilltop Management LLC,IA,MRO,MISO,WND,WT,1750.67,2112.068,2107.665,2097.529,1855.311,2176.276,1192.197,1611.175,2075.542,2317.698,2651.855,2046.014,23994.0
58456,Cumberland Rose,58444,"Cumberland Rose Wind Energy, LLC",IA,MRO,MISO,WND,WT,375.321,452.8,451.856,449.683,397.754,466.565,255.591,345.415,444.969,496.884,568.523,438.639,5144.0
58457,Fontanelle,58445,"Forward Fontanelle Power, LLC",IA,MRO,MISO,WND,WT,418.295,504.647,503.594,501.173,443.298,519.988,284.857,384.966,495.919,553.779,633.62,488.864,5733.0
58458,Greenfield Wind,58446,"Greenfield Wind Power, LLC",IA,MRO,MISO,WND,WT,361.968,436.691,435.781,433.685,383.604,449.967,246.499,333.127,429.139,479.207,548.298,423.034,4961.0
58459,Meadow Ridge,58447,"Meadow Ridge Wind Energy, LLC",IA,MRO,MISO,WND,WT,410.417,495.14,494.107,491.731,434.947,510.192,279.491,377.714,486.577,543.346,621.684,479.654,5625.0
58460,Sky Volt,58448,"Sky Volt, LLC",IA,MRO,MISO,WND,WT,401.515,484.401,483.391,481.066,425.514,499.127,273.429,369.521,476.023,531.562,608.2,469.251,5503.0
58461,Wiota,58449,"Wiota Wind Energy, LLC #1",IA,MRO,MISO,WND,WT,412.241,497.34,496.304,493.917,436.88,512.46,280.733,379.392,488.739,545.761,624.447,481.786,5650.0
58464,Broadview Energy Prime LLC,57421,BayWa r.e Wind LLC,NM,MRO,SWPP,WND,WT,3487.892,3141.388,3687.308,3394.591,3287.625,3811.385,2190.301,2404.755,2466.019,1330.405,3466.385,3497.946,36166.0
58465,Broadview Energy Prime 2 LLC,57421,BayWa r.e Wind LLC,NM,MRO,SWPP,WND,WT,3458.091,3114.548,3655.804,3365.588,3259.536,3778.821,2171.587,2384.209,2444.95,1319.038,3436.768,3468.06,35857.0
58474,Buffalo Dunes Wind Project,58461,Buffalo Dunes Wind Project LLC,KS,MRO,SWPP,WND,WT,74539.0,82011.0,86338.0,82136.0,88318.0,100631.0,68110.0,69923.0,72950.0,70319.0,93156.0,85341.0,973772.0
58511,Delta Wind Farm,58488,Alaska Environmental Power,AK,Unknown,Unknown,WND,WT,336.281,344.705,345.335,343.67,326.458,346.107,255.128,258.725,261.321,321.478,369.324,340.468,3849.0
58548,Huerfano River Wind,58520,"Huerfano River Wind, LLC",CO,WECC,WACM,WND,WT,1606.292,1290.834,1164.715,1139.482,1607.114,1188.231,1288.888,1224.215,1059.165,1119.135,1283.767,1572.162,15544.0
58571,Tucannon River Wind Farm,15248,Portland General Electric Co,WA,WECC,PGE,WND,WT,96475.824,99049.688,93816.686,81406.724,80614.112,76714.109,74426.447,64311.662,51353.798,89895.773,76607.927,57058.25,941731.0
58580,Pheasant Run Wind LLC,58539,Pheasant Run Wind LLC,MI,RFC,MISO,WND,WT,26734.0,28699.0,24507.0,21680.0,18958.0,14570.0,11072.0,12206.0,19573.0,22645.0,31991.0,27400.0,260035.0
58587,Tuscola Wind II LLC,58545,Tuscola Wind II LLC,MI,RFC,MISO,WND,WT,30536.0,34032.0,29627.0,23254.0,25340.0,17415.0,12592.0,13427.0,21837.0,26456.0,39023.0,29852.0,303391.0
58594,Steele Flats Wind Project LLC,58551,Steele Flats Wind Project LLC,NE,MRO,SWPP,WND,WT,26789.0,29382.0,27105.0,29465.0,24784.0,30467.0,17226.0,20966.0,23838.0,27647.0,33150.0,25259.0,316078.0
58596,"Grandview Wind Farm, LLC",56215,RWE Renewables Americas LLC,TX,TRE,ERCO,WND,WT,76992.0,69879.0,77235.0,79057.0,74149.0,93209.0,54758.0,69732.0,61170.0,69893.0,82776.0,78476.0,887326.0
58608,Saddleback Ridge Wind Farm,58565,"Saddleback Ridge Wind, LLC",ME,NPCC,ISNE,WND,WT,7180.366,8453.283,10630.588,10583.165,9577.369,4976.668,3705.357,5480.839,7735.508,7928.482,10004.913,9696.462,95953.0
58614,Patriot Wind Farm,15399,Avangrid Renewables LLC,TX,TRE,ERCO,WND,WT,49828.0,49304.0,53431.0,37737.0,43595.0,34180.0,44618.0,31447.0,41995.0,41891.0,39453.0,64797.0,532276.0
58620,Canton Mountain Wind,58574,Canton Mountain Wind LLC,ME,NPCC,ISNE,WND,WT,4340.336,5109.782,6425.904,6397.238,5789.261,3008.262,2239.788,3313.019,4675.906,4792.554,6047.7,5861.25,58001.0
58630,RP Wind,57365,Consolidated Edison Solutions Inc,OH,RFC,PJM,WND,WT,786.552,753.912,724.317,705.885,743.298,592.773,344.08,314.378,519.696,690.37,979.991,954.748,8110.0
58657,Odell Wind Farm,59050,Algonquin Power Co,MN,MRO,MISO,WND,WT,64668.893,83451.758,82947.606,69241.147,59648.973,64829.327,43947.258,58838.432,62023.881,63144.684,74543.612,68091.429,795377.0
58658,Courtenay Wind Farm,13781,Northern States Power Co - Minnesota,ND,MRO,MISO,WND,WT,59494.0,65130.0,67131.0,60766.0,63703.0,62757.0,41121.0,39116.0,54871.0,60856.0,58447.0,69074.0,702466.0
58661,Cape Cod Air Force Station - 6 SWS,58604,US Air Force,MA,NPCC,ISNE,WND,WT,880.0,547.0,900.0,1022.0,882.0,537.0,416.0,493.0,613.0,637.0,927.0,773.0,8627.0
58666,Alexander Wind Farm LLC,62042,SRIV Partnership LLC,KS,MRO,SWPP,WND,WT,17659.902,18070.132,18439.08,18777.013,17044.768,23011.338,14230.316,15172.264,16074.376,18140.383,20907.42,17373.008,214900.0
58677,Gratiot County Wind LLC,49893,Invenergy Services LLC,MI,RFC,MISO,WND,WT,26176.296,28848.545,24891.139,21715.931,19707.58,14581.498,10783.718,12807.202,21154.474,25401.23,35883.375,29669.012,271620.0
58681,Route 66 Wind Plant,60453,Onward Energy,TX,TRE,ERCO,WND,WT,45116.475,43676.93,43480.509,43777.203,45634.81,48024.589,39529.782,36291.448,29522.663,41616.537,42219.901,44967.153,503858.0
58683,"Osage Wind, LLC",59380,"Enel Green Power NA, Inc.",OK,MRO,AECI,WND,WT,51295.07,49672.98,48626.159,52759.636,41845.663,59890.986,35780.662,36584.183,35570.684,46566.213,54482.543,46130.221,559205.0
58686,Hancock Wind Plant,60453,Onward Energy,ME,NPCC,ISNE,WND,WT,12289.0,11834.0,15383.0,15439.0,13011.0,6400.0,4193.0,5212.0,9615.0,11156.0,13939.0,14090.0,132561.0
58690,Apple Blossom Wind Farm,60456,"Apple Blossom Wind, LLC",MI,RFC,MISO,WND,WT,28387.0,31900.0,26840.0,24024.0,18844.0,14774.0,10627.0,10232.0,17800.0,23419.0,34056.0,28093.0,268996.0
58691,South Fork Wind Farm,60458,"South Fork Wind, LLC",MN,MRO,MISO,WND,WT,3863.904,4986.161,4956.039,4137.091,3563.968,3873.489,2625.806,3515.539,3705.866,3772.833,4453.908,4068.396,47523.0
58692,Black Oak Wind Farm,58625,"Black Oak Wind, LLC",MN,MRO,MISO,WND,WT,22547.0,27641.0,29057.0,25069.0,26022.0,27347.0,14907.0,17839.0,21926.0,29551.0,32509.0,24734.0,299149.0
58694,Walnut Ridge Wind Farm,59359,"BHE Renewables, LLC",IL,RFC,PJM,WND,WT,65696.0,75423.0,78973.0,75553.0,66766.0,51982.0,34295.0,30252.0,61901.0,75227.0,92228.0,68620.0,776916.0
58695,Grande Prairie Wind Farm,59359,"BHE Renewables, LLC",NE,MRO,SWPP,WND,WT,138740.0,134367.0,146602.0,128695.0,102722.0,138383.0,112581.0,128650.0,138724.0,123660.0,122664.0,136628.0,1552416.0
58719,Brookfield,5109,DTE Electric Company,MI,RFC,MISO,WND,WT,26418.0,28542.0,24518.0,21841.0,18293.0,14340.0,8151.0,11739.0,18981.0,22989.0,32250.0,26390.0,254452.0
58720,Pattern Panhandle Wind 2 LLC,56545,Pattern Operators LP,TX,TRE,ERCO,WND,WT,59451.53,57554.592,57295.761,57686.724,60134.557,63283.652,52089.752,47822.488,38903.028,54839.54,55634.614,59254.762,663951.0
58765,Miami Wind Energy Center,49893,Invenergy Services LLC,TX,TRE,ERCO,WND,WT,95725.0,91873.0,87517.0,104626.0,91991.0,121663.0,74518.0,87882.0,76471.0,82550.0,104864.0,93211.0,1112891.0
58766,Wake Wind Energy Center,17650,Southern Power Co,TX,TRE,ERCO,WND,WT,103116.62,99826.445,99377.512,100055.62,104301.31,109763.3,90347.87,82946.447,67475.953,95117.282,96496.309,102775.33,1151600.0
58767,Buckeye Wind Energy Center,49893,Invenergy Services LLC,KS,MRO,SWPP,WND,WT,60946.0,70251.0,72371.0,74971.0,68946.0,83397.0,60482.0,64565.0,64556.0,66478.0,70218.0,64438.0,821619.0
58768,Marsh Hill Wind Farm,49893,Invenergy Services LLC,NY,NPCC,NYIS,WND,WT,4240.641,4298.344,5181.375,4950.142,3494.017,2665.239,2998.471,2722.376,3862.769,4129.842,6178.655,4979.129,49701.0
58769,Spring Canyon Expansion Wind Energy Ctr,60015,NRG Yield LLC,CO,WECC,PSCO,WND,WT,25184.202,20238.287,18260.938,17865.33,25197.07,18629.627,20207.782,19193.807,16606.073,17546.316,20127.486,24649.082,243706.0
58771,Roosevelt County,57170,"EDF Renewable Asset Holdings, Inc.",NM,MRO,SWPP,WND,WT,97955.0,94890.0,102927.0,97390.0,95897.0,115283.0,68679.0,76571.0,77210.0,95743.0,81496.0,95236.0,1099277.0
58772,Longhorn Wind,57170,"EDF Renewable Asset Holdings, Inc.",TX,TRE,ERCO,WND,WT,70881.0,65402.0,67200.0,68947.0,57756.0,81566.0,50393.0,48756.0,44607.0,61755.0,20762.0,70973.0,708998.0
58773,TX Hereford Wind,57170,"EDF Renewable Asset Holdings, Inc.",TX,TRE,ERCO,WND,WT,67284.0,61672.0,63534.0,63195.0,61855.0,85450.0,46854.0,57583.0,49912.0,61509.0,71565.0,62616.0,753029.0
58774,Spinning Spur Wind II,57170,"EDF Renewable Asset Holdings, Inc.",TX,TRE,ERCO,WND,WT,45768.343,44307.997,44108.738,44409.718,46294.165,48718.473,40100.929,36815.805,29949.222,42217.834,42829.915,45616.861,511138.0
58775,Spinning Spur Wind III,57170,"EDF Renewable Asset Holdings, Inc.",TX,TRE,ERCO,WND,WT,72197.484,69893.855,69579.532,70054.315,73026.945,76851.181,63257.395,58075.262,47243.538,66596.717,67562.248,71958.528,806297.0
58830,Cross Winds Energy Park,4254,Consumers Energy Co,MI,RFC,MISO,WND,WT,69559.833,76660.956,66144.706,57707.036,52370.125,38748.282,28656.216,34033.341,56215.044,67500.2,95355.029,78841.232,721792.0
58833,Red Horse 2,59146,Red Horse 2,AZ,WECC,TEPC,WND,WT,5345.0,6732.0,5597.0,5468.0,5367.0,6199.0,4114.0,3636.0,6592.0,4507.0,7286.0,8004.0,68847.0
58836,Lakeswind Power Partners,58710,Lakeswind Power Partners,MN,MRO,MISO,WND,WT,13397.595,17288.884,17184.438,14344.841,12357.609,13430.834,9104.65,12189.687,12849.624,13081.823,15443.364,14106.651,164780.0
58837,Na Pua Makani Wind Project,58718,Na Pua Makani Power Partners LLC,HI,Unknown,Unknown,WND,WT,0.0,0.0,0.0,0.0,0.0,0.0,0.0,1036.0,1949.0,831.0,3609.0,6963.0,14388.0
58838,Keechi Wind,62969,"Keechi Wind, LLC",TX,TRE,ERCO,WND,WT,38600.77,37369.123,37201.069,37454.914,39044.246,41088.895,33820.904,31050.249,25259.01,35606.291,36122.517,38473.012,431091.0
58872,Bison 4 Wind Energy Center,12647,"ALLETE, Inc.",ND,MRO,MISO,WND,WT,62332.87,70585.206,71178.375,70288.008,66555.375,63825.801,50533.875,51975.135,72143.969,72950.474,80705.667,72922.245,805997.0
58883,Highland Wind Project (IA),12341,MidAmerican Energy Co,IA,MRO,MISO,WND,WT,107429.0,143580.0,95180.0,100432.0,120045.0,160434.0,84488.0,110258.0,135359.0,155649.0,165536.0,140047.0,1518437.0
58884,Lundgren Wind Project,12341,MidAmerican Energy Co,IA,MRO,MISO,WND,WT,58216.984,70235.034,70088.595,69751.545,61696.793,72370.216,39645.484,53578.266,69020.365,77073.085,88185.185,68038.448,797900.0
58885,Macksburg Wind Project,12341,MidAmerican Energy Co,IA,MRO,MISO,WND,WT,23400.105,28230.716,28171.856,28036.379,24798.801,29088.945,15935.358,21535.589,27742.484,30979.246,35445.714,27347.807,320713.0
58886,Wellsburg Wind Project,12341,MidAmerican Energy Co,IA,MRO,MISO,WND,WT,31502.474,38005.701,37926.459,37744.074,33385.473,39161.094,21453.031,28992.362,37348.417,41705.918,47718.917,36817.08,431761.0
58887,Com Adam 1WF-1,58760,FPC Services Inc.,IL,RFC,PJM,WND,WT,556.109,625.729,666.13,653.138,527.83,413.136,236.248,204.86,405.23,582.575,795.723,586.132,6252.84
58891,"Big Turtle Wind Farm, LLC",64331,DTE Sustainable Generation,MI,RFC,MISO,WND,WT,6406.553,7060.576,6092.015,5314.894,4823.358,3568.768,2639.275,3134.516,5177.48,6216.858,8782.325,7261.382,66478.0
58898,Pilot Hill Wind Farm,57170,"EDF Renewable Asset Holdings, Inc.",IL,RFC,PJM,WND,WT,52733.354,59335.103,63166.154,61934.171,50051.773,39175.895,22402.312,19425.99,38426.119,55242.989,75454.835,55580.305,592929.0
58900,Balko Wind LLC,58770,Balko Wind LLC,OK,MRO,SWPP,WND,WT,89540.0,93352.0,106857.0,104204.0,99316.0,134110.0,75301.0,90854.0,81785.0,71198.0,108057.0,85559.0,1140133.0
58902,Kingfisher Wind LLC,58773,Kingfisher Wind LLC,OK,MRO,SWPP,WND,WT,103350.0,91955.0,86502.0,104567.0,77805.0,119659.0,72224.0,67611.0,66210.0,82316.0,109588.0,85060.0,1066847.0
58904,Fourmile Ridge,58784,"Fourmile Wind Energy, LLC",MD,RFC,PJM,WND,WT,15142.0,13421.0,12583.0,13136.0,13259.0,7948.0,3648.0,5178.0,4788.0,8122.0,13255.11,15932.0,126412.11
58908,Beebe 1B,58785,"Beebe 1B Renewable Energy, LLC",MI,RFC,MISO,WND,WT,13821.243,15232.206,13142.672,11466.142,10405.721,7699.119,5693.868,6762.28,11169.69,13412.003,18946.639,15665.417,143417.0
58924,Sugar Creek Wind One LLC,60568,Sugar Creek Wind One LLC,IL,SERC,MISO,WND,WT,0.0,0.0,0.0,0.0,0.0,0.0,0.0,0.0,0.0,0.0,60276.0,23930.0,84206.0
58927,Story City Wind Project,58795,Hamilton Wind Energy LLC,IA,MRO,MISO,WND,WT,391.446,472.253,471.269,469.002,414.843,486.61,266.572,360.255,464.086,518.232,592.948,457.484,5365.0
58932,Traer Wind Project,58797,"Norsemen Wind Energy, LLC",IA,MRO,MISO,WND,WT,450.035,542.937,541.805,539.2,476.934,559.443,306.471,414.176,533.548,595.797,681.697,525.957,6168.0
58938,Origin Wind,59380,"Enel Green Power NA, Inc.",OK,MRO,SWPP,WND,WT,53775.226,52074.708,50977.272,55310.605,43868.934,62786.762,37510.685,38353.057,37290.555,48817.726,57116.816,48360.654,586243.0
58939,Anderson Wind I,57421,BayWa r.e Wind LLC,NM,MRO,SWPP,WND,WT,1757.833,1583.202,1858.336,1710.812,1656.903,1920.868,1103.871,1211.952,1242.828,670.5,1746.994,1762.901,18227.0
58940,Anderson Wind II,57421,BayWa r.e Wind LLC,NM,MRO,SWPP,WND,WT,4261.928,3838.529,4505.6,4147.923,4017.218,4657.212,2676.375,2938.421,3013.281,1625.65,4235.649,4274.214,44192.0
58958,Camelot Wind LLC,58821,Camelot Wind LLC,MA,NPCC,ISNE,WND,WT,199.235,212.323,267.524,307.384,255.033,140.707,147.942,166.439,186.642,198.57,329.021,302.18,2713.0
58965,"Thunder Spirit Wind, LLC",12199,Montana-Dakota Utilities Co,ND,MRO,MISO,WND,WT,46411.557,52556.049,52997.708,52334.762,49555.533,47523.158,37626.309,38699.437,53716.666,54317.17,60091.5,54296.151,600126.0
58966,Fairfield Wind,60025,Greenbacker Renewable Energy Corporation,MT,WECC,NWMT,WND,WT,3413.289,3559.735,2814.811,2884.416,2268.11,2573.841,1812.504,1745.744,2434.164,2750.064,4111.543,3513.779,33882.0
58979,Copenhagen Wind Farm,57170,"EDF Renewable Asset Holdings, Inc.",NY,NPCC,NYIS,WND,WT,22185.0,21458.0,28276.0,26999.0,20329.0,18088.0,18321.0,16267.0,21621.0,24035.0,31050.0,26031.0,274660.0
58981,"Broken Bow Wind II, LLC",56769,Consolidated Edison Development Inc.,NE,MRO,SWPP,WND,WT,27716.327,29177.17,28240.487,27323.522,23598.121,29731.893,21488.314,25527.729,27719.879,28329.126,30080.77,29803.662,328737.0
58992,Dept of Corrections NCCI Wind,58844,Dept of Corrections NCCI Wind,MA,NPCC,ISNE,WND,WT,695.0,456.0,83.0,0.0,0.0,80.0,357.0,367.0,458.0,424.0,850.0,528.0,4298.0
58994,Breckinridge Wind Project LLC,59394,NextEra Energy Resources Breckinridge,OK,MRO,SWPP,WND,WT,36881.394,35715.104,34962.435,37934.424,30087.227,43061.898,25726.462,26304.198,25575.488,33481.324,39173.202,33167.844,402071.0
58995,St. Olaf Wind Turbine,58828,St. Olaf College,MN,MRO,MISO,WND,WT,229.769,296.507,294.716,246.016,211.935,230.341,156.146,209.055,220.373,224.355,264.856,241.931,2826.0
58998,Goodwell Wind Project LLC,59380,"Enel Green Power NA, Inc.",OK,MRO,SWPP,WND,WT,69750.0,68776.29,84277.0,80728.0,73216.0,98620.0,62000.0,65852.0,71336.0,66079.0,75117.0,76185.0,891936.29
58999,Little Elk Wind Project LLC,59380,"Enel Green Power NA, Inc.",OK,MRO,SWPP,WND,WT,29240.039,28315.389,27718.663,30074.893,23853.536,34140.02,20396.266,20854.303,20276.572,26544.419,31057.012,26295.888,318767.0
59003,Two Dot Wind Farm,13902,NorthWestern Energy,MT,WECC,NWMT,WND,WT,4063.469,4237.81,3350.989,3433.853,2700.15,3064.118,2157.758,2078.281,2897.835,3273.909,4894.728,4183.1,40336.0
59005,Mariah del Norte,60475,Mariah Holdings II LLC c/o CAMS,TX,TRE,ERCO,WND,WT,64867.482,62797.734,62515.324,62941.903,65612.73,69048.703,56835.055,52179.049,42447.039,59835.345,60702.849,64652.787,724436.0
59021,Hoopeston Wind LLC,58865,Hoopeston Wind LLC,IL,SERC,MISO,WND,WT,28671.348,32260.746,34343.704,33673.87,27213.36,21300.1,12180.231,10561.993,20892.443,30035.846,41025.113,30219.246,322378.0
59022,Kingston Wind Independence,58867,Kingston Wind Independence,MA,NPCC,ISNE,WND,WT,0.0,0.0,0.0,0.0,0.0,0.0,0.0,0.0,0.0,0.0,0.0,0.0,0.0
59023,Ipswich Wind Independence,58866,Ipswich Wind Independence,MA,NPCC,ISNE,WND,WT,0.0,0.0,0.0,0.0,0.0,0.0,0.0,0.0,0.0,0.0,0.0,0.0,0.0
59024,"Euclid Farm, Stamco N-54",58869,Case Western Reserve University,OH,RFC,PJM,WND,WT,74.678,71.58,68.77,67.02,70.572,56.281,32.669,29.848,49.342,65.547,93.045,90.648,770.0
59034,Shannon Wind,58872,Shannon Wind LLC,TX,TRE,ERCO,WND,WT,67638.0,61148.0,57181.0,68906.0,60859.0,59726.0,45604.0,44567.0,33350.0,61599.0,64956.0,58615.0,684149.0
59053,Michelangelo Wind 3 LLC,58887,Michelangelo Wind 3 LLC,IA,MRO,MISO,WND,WT,758.884,915.547,913.638,909.244,804.247,943.38,516.797,698.418,899.713,1004.684,1149.535,886.913,10401.0
59061,Radfords Run Wind Farm,56215,RWE Renewables Americas LLC,IL,RFC,PJM,WND,WT,94094.0,104575.0,111534.0,97603.0,87765.0,68030.0,38727.0,32595.0,62543.0,98150.0,128074.0,94249.0,1017939.0
59063,Stella Wind Farm,56215,RWE Renewables Americas LLC,TX,TRE,ERCO,WND,WT,58519.0,50393.0,64096.0,53983.0,68623.0,50156.0,54626.0,38103.0,41055.0,41902.0,36930.0,59557.0,617943.0
59065,Drift Sand Wind Project LLC,59380,"Enel Green Power NA, Inc.",OK,MRO,SWPP,WND,WT,40584.0,41895.0,39273.0,40614.0,33297.0,41793.0,29708.0,27630.0,24016.0,15705.0,35398.0,39267.0,409180.0
59066,Bruennings Breeze Wind Farm,56215,RWE Renewables Americas LLC,TX,TRE,ERCO,WND,WT,62457.0,68246.0,77028.0,48381.0,50025.0,40713.0,46787.0,32894.0,29906.0,41251.0,18488.0,19530.0,535706.0
59068,"Colbeck's Corner, LLC",56215,RWE Renewables Americas LLC,TX,TRE,ERCO,WND,WT,78290.0,72046.0,77083.0,80869.0,76451.0,98482.0,56905.0,67376.0,58241.0,65109.0,75305.0,75096.0,881253.0
59070,Jericho Power,58891,Jericho Power LLC,NH,NPCC,ISNE,WND,WT,1957.0,1687.0,2936.0,2367.0,2692.0,1211.0,1149.0,1843.0,1547.0,2200.0,2888.0,2807.0,25284.0
59071,Carroll Area Wind Farm,62042,SRIV Partnership LLC,IA,MRO,MISO,WND,WT,5913.485,7134.239,7119.364,7085.127,6266.953,7351.123,4027.055,5442.3,7010.857,7828.825,8957.555,6911.117,81048.0
59076,Chopin Wind LLC,57421,BayWa r.e Wind LLC,OR,WECC,PACW,WND,WT,2570.937,3807.671,3046.689,3390.834,2997.565,3473.615,4270.907,3852.687,1661.096,2890.902,2087.411,1558.686,35609.0
59083,Limon III Wind LLC,57503,Limon,CO,WECC,PSCO,WND,WT,70506.0,61611.0,63375.0,54111.0,81135.0,62012.0,65938.0,67353.0,64677.0,67761.0,73058.0,80141.0,811678.0
59084,Marshall Wind Farm,59359,"BHE Renewables, LLC",KS,MRO,SWPP,WND,WT,21538.013,22038.33,22488.299,22900.441,20787.796,28064.624,17355.291,18504.09,19604.306,22124.008,25498.685,21188.117,262092.0
59118,Cameron Wind 1 LLC,58939,Cameron Wind 1 LLC,TX,TRE,ERCO,WND,WT,42671.979,41310.43,41124.651,41405.269,43162.228,45422.524,37387.982,34325.107,27923.068,39361.672,39932.345,42530.745,476558.0
59147,Fair Wind,58962,"Fair Wind Power Partners, LLC",MD,RFC,PJM,WND,WT,0.0,10138.0,10545.0,10061.0,11172.0,6804.0,3412.0,4777.0,4685.0,5949.0,10536.57,12375.0,90454.57
59187,Beethoven Wind,13809,NorthWestern Energy - (SD),SD,MRO,SWPP,WND,WT,22185.708,28509.658,29689.775,25605.627,24681.505,25282.936,19038.82,23373.799,25822.928,27094.932,29644.919,28818.393,309749.0
59193,Chapman Ranch Wind I,58998,Chapman Ranch Wind LLC,TX,TRE,ERCO,WND,WT,61288.129,59332.588,59065.761,59468.802,61992.254,65238.632,53698.926,49299.836,40104.833,56533.662,57353.297,61085.28,684462.0
59200,Border Winds Wind Farm,13781,Northern States Power Co - Minnesota,ND,MRO,MISO,WND,WT,52075.749,58970.131,59465.691,58721.838,55603.424,53323.013,42218.326,43422.42,60272.393,60946.184,67425.23,60922.601,673367.0
59201,Pleasant Valley Wind Farm,13781,Northern States Power Co - Minnesota,MN,MRO,MISO,WND,WT,64192.277,82836.711,82336.274,68730.834,59209.355,64351.529,43623.363,58404.788,61566.76,62679.302,73994.218,67589.589,789515.0
59222,Passadumkeag Windpark LLC,17650,Southern Power Co,ME,NPCC,ISNE,WND,WT,10701.0,10098.0,14523.0,14231.0,14308.0,8389.0,7371.0,8307.0,13928.0,13385.0,15068.0,13023.0,143332.0
59223,Optimum Wind 5 LLC,59017,Optimum Wind 5 LLC,IA,MRO,MISO,WND,WT,698.178,842.31,840.554,836.512,739.913,867.917,475.458,642.55,827.743,924.317,1057.581,815.967,9569.0
59224,Optimum Wind 6 LLC,59018,Optimum Wind 6 LLC,IA,MRO,MISO,WND,WT,754.946,910.793,908.894,904.523,800.071,938.482,514.114,694.792,895.042,999.468,1143.567,882.308,10347.0
59225,Optimum Wind 7 LLC,59019,Optimum Wind 7 LLC,IA,MRO,MISO,WND,WT,760.565,917.571,915.658,911.255,806.025,945.466,517.94,699.962,901.702,1006.905,1152.077,888.874,10424.0
59226,Optimum Wind 4 LLC,59024,Optimum Wind 4 LLC,IA,MRO,MISO,WND,WT,665.491,802.875,801.201,797.348,705.272,827.283,453.198,612.467,788.99,881.042,1008.068,777.765,9121.0
59227,Optimum Wind 3 LLC,59025,Optimum Wind 3 LLC,IA,MRO,MISO,WND,WT,701.463,846.271,844.507,840.445,743.393,871.998,477.694,645.571,831.635,928.664,1062.555,819.804,9614.0
59228,Leonardo Wind 1 LLC,59022,Leonardo Wind 1 LLC,IA,MRO,MISO,WND,WT,799.746,964.84,962.829,958.199,847.548,994.172,544.622,736.021,948.154,1058.777,1211.427,934.665,10961.0
59230,Venus Wind 3 LLC,59021,Venus Wind 3 LLC,IA,MRO,MISO,WND,WT,829.586,1000.843,998.756,993.953,879.174,1031.269,564.944,763.485,983.534,1098.284,1256.631,969.541,11370.0
59231,Michelangelo Wind 1 LLC,59026,Michelangelo Wind 1 LLC,IA,MRO,MISO,WND,WT,789.021,951.901,949.916,945.348,836.181,980.839,537.318,726.15,935.438,1044.577,1195.181,922.13,10814.0
59232,Michelangelo Wind 4 LLC,59027,Michelangelo Wind 4 LLC,IA,MRO,MISO,WND,WT,776.906,937.289,935.334,930.837,823.346,965.783,529.07,715.004,921.079,1028.543,1176.834,907.975,10648.0
59234,Arbuckle Mountain Wind Farm LLC,59039,Arbuckle Mountain Wind Farm LLC,OK,MRO,SWPP,WND,WT,37853.444,36656.413,35883.906,38934.225,30880.207,44196.839,26404.51,26997.472,26249.556,34363.759,40205.652,34042.017,412668.0
59235,Rising Tree Wind Farm II,59040,Rising Tree Wind Farm II LLC,CA,WECC,CISO,WND,WT,2977.03,3051.658,4423.799,5964.255,6085.837,6749.199,6626.606,5645.733,3125.497,3405.319,2605.97,2559.097,53220.0
59236,Rising Tree Wind Farm III,59042,Rising Tree Wind Farm III LLC,CA,WECC,CISO,WND,WT,13876.862,14224.728,20620.707,27801.248,28367.982,31460.121,30888.673,26316.52,14568.917,15873.253,12147.239,11928.75,248075.0
59238,Windthorst-2,57170,"EDF Renewable Asset Holdings, Inc.",TX,TRE,ERCO,WND,WT,20605.504,19948.039,19858.33,19993.835,20842.237,21933.693,18053.962,16574.956,13483.531,19007.02,19282.587,20537.306,230121.0
59244,Lorenzo Wind,61133,"Lorenzo Wind, LLC",TX,MRO,SWPP,WND,WT,33239.0,32266.0,31223.0,32190.0,30851.0,37562.0,25557.0,27084.0,21392.0,33311.0,35142.0,34466.0,374283.0
59245,Fluvanna,60042,Fluvanna Wind Energy LLC,TX,TRE,ERCO,WND,WT,54210.0,53236.0,52126.0,53185.0,53195.0,60991.0,46528.0,46482.0,31751.0,57020.0,53888.0,51614.0,614226.0
59247,Hale Community Wind Farm,60040,Hale Wind Energy,TX,MRO,SWPP,WND,WT,149415.0,177631.0,181575.0,181442.0,177106.0,218711.0,148945.0,138929.0,124347.0,190393.0,204284.0,190899.0,2083677.0
59284,Mammoth Plains,60768,Mammoth Plains Wind Project,OK,MRO,SWPP,WND,WT,74145.571,71800.887,70287.736,76262.56,60486.722,86570.726,51719.934,52881.401,51416.418,67310.143,78752.973,66679.929,808315.0
59292,Rattlesnake Creek Wind Project,61414,"Rattlesnake Creek Wind Project, LLC",NE,MRO,SWPP,WND,WT,99755.0,107166.0,113668.0,97532.0,84981.0,103944.0,70132.0,91233.0,93177.0,109122.0,120631.0,113872.0,1205213.0
59295,WED NK Green,59097,WED NK Green LLC,RI,NPCC,ISNE,WND,WT,261.451,223.519,295.761,296.779,263.854,150.259,150.96,140.53,155.082,187.873,269.227,303.705,2699.0
59296,Northwest Ohio Wind,59098,"Northwest Ohio Wind, LLC",OH,RFC,PJM,WND,WT,30148.0,30740.0,29625.0,27146.0,27066.0,21987.0,12696.0,8551.0,12753.0,19654.0,33367.0,31707.0,285440.0
59301,WED Coventry 1,59105,"WED Coventry One, LLC",RI,NPCC,ISNE,WND,WT,279.856,239.254,316.582,317.672,282.428,160.836,161.587,150.422,165.999,201.099,288.18,325.085,2889.0
59302,WED Coventry 2,59106,"WED Coventry Two, LLC",RI,NPCC,ISNE,WND,WT,1188.0,759.0,1016.0,1165.0,1090.0,650.0,420.0,452.0,522.0,754.0,1109.0,1100.0,10225.0
59305,WED Coventry 3,59107,"WED Coventry Three, LLC",RI,NPCC,ISNE,WND,WT,319.959,273.54,361.949,363.195,322.901,183.885,184.742,171.978,189.787,229.917,329.477,371.67,3303.0
59306,WED Coventry 4,59108,"WED Coventry Four, LLC",RI,NPCC,ISNE,WND,WT,240.042,205.217,271.544,272.478,242.249,137.955,138.599,129.023,142.383,172.49,247.183,278.837,2478.0
59311,Seiling Wind I,59115,NextEra Energy Seiling Wind,OK,MRO,SWPP,WND,WT,72763.316,70462.34,68977.398,74840.836,59359.099,84956.832,50755.746,51895.56,50457.888,66055.314,77284.822,65436.849,793246.0
59312,Seiling Wind II,59115,NextEra Energy Seiling Wind,OK,MRO,SWPP,WND,WT,35584.63,34459.345,33733.139,36600.632,29029.346,41547.822,24821.908,25379.33,24676.242,32304.105,37795.854,32001.647,387934.0
59313,WED Coventry 5,59116,"WED Coventry Five, LLC",RI,NPCC,ISNE,WND,WT,298.068,254.823,337.183,338.344,300.807,171.303,172.102,160.211,176.801,214.186,306.933,346.239,3077.0
59314,WED Coventry 6,59117,"WED Coventry Six, LLC",RI,NPCC,ISNE,WND,WT,1073.0,697.0,909.0,1091.0,1019.0,556.0,369.0,373.0,460.0,654.0,1035.0,1030.0,9266.0
59320,Los Vientos Windpower III,59119,"Los Vientos Windpower III, LLC",TX,TRE,ERCO,WND,WT,54306.0,39363.0,31055.0,42794.0,62601.0,49686.0,68383.0,40349.0,42062.0,33564.0,41955.0,65349.0,571467.0
59321,Los Vientos Windpower IV,59120,"Los Vientos Windpower IV, LLC",TX,TRE,ERCO,WND,WT,57017.0,39370.0,31780.0,46137.0,66724.0,51512.0,74238.0,46469.0,45326.0,38150.0,37195.0,67085.0,601003.0
59328,Golden Acorn Casino,56930,"Foundation HA Energy Generation, LLC",CA,WECC,CISO,WND,WT,469.0,364.0,452.0,435.0,351.0,340.0,275.0,232.0,173.0,317.0,451.0,531.0,4390.0
59329,City of Soledad Water Reclamation,56930,"Foundation HA Energy Generation, LLC",CA,WECC,CISO,WND,WT,194.105,198.971,288.436,388.876,396.803,440.055,432.062,368.108,203.786,222.03,169.912,166.856,3470.0
59330,Taylor Farms,56930,"Foundation HA Energy Generation, LLC",CA,WECC,CISO,WND,WT,196.174,201.093,291.512,393.022,401.034,444.747,436.669,372.033,205.959,224.398,171.724,168.635,3507.0
59331,Anheuser-Busch #2,56930,"Foundation HA Energy Generation, LLC",CA,WECC,CISO,WND,WT,99.0,179.0,212.0,342.0,375.0,443.0,562.0,544.0,313.0,139.0,123.0,69.0,3400.0
59332,Mesquite Creek Wind,59900,"Mesquite Creek Wind, LLC",TX,TRE,ERCO,WND,WT,59344.0,63374.0,67040.0,59379.0,61865.0,65195.0,48998.0,53459.0,34450.0,64897.0,69346.0,74561.0,721908.0
59384,South Plains Wind Phase I,59155,"Evergreen Wind, LLC",TX,TRE,ERCO,WND,WT,71692.0,69274.0,68741.0,72212.0,64918.0,62889.0,79794.0,58234.0,45405.0,65412.0,78160.0,71494.0,808225.0
59417,Pleasant Hill Wind Energy Project,59188,Pleasant Hill Wind Energy LLC,TX,MRO,SWPP,WND,WT,3566.639,3452.837,3437.309,3460.764,3607.615,3796.537,3124.988,2868.985,2333.885,3289.954,3337.653,3554.834,39832.0
59435,Oak Tree Energy,56769,Consolidated Edison Development Inc.,SD,MRO,SWPP,WND,WT,5236.059,6728.577,7007.097,6043.195,5825.093,5967.037,4493.36,5516.461,6094.481,6394.687,6996.511,6801.442,73104.0
59442,Logans Gap Wind LLC,56545,Pattern Operators LP,TX,TRE,ERCO,WND,WT,70425.0,69841.0,60626.0,55960.0,61534.0,50480.0,48156.0,45930.0,37126.0,55464.0,64512.0,57828.0,677882.0
59448,Waxdale,59216,"S.C. Johnson & Son, Inc.",WI,RFC,MISO,WND,WT,699.0,865.0,692.0,517.0,526.0,431.0,327.0,276.0,579.0,591.0,877.0,741.0,7121.0
59460,"Kay Wind, LLC",17650,Southern Power Co,OK,MRO,SPA,WND,WT,91716.0,85149.0,88922.0,90972.0,72549.0,106134.0,57580.0,56624.0,59407.0,89702.0,105700.0,72893.0,977348.0
59475,Palo Duro Wind,59238,Palo Duro Wind,TX,MRO,SWPP,WND,WT,84280.0,90988.0,107356.0,105898.0,103324.0,118704.0,80210.0,96106.0,78119.0,87711.0,98591.0,87659.0,1138946.0
59490,Jett Creek Windfarm (Burnt River),59860,Jett Creek,OR,WECC,IPCO,WND,WT,1907.716,2825.412,2260.739,2516.106,2224.288,2577.531,3169.148,2858.815,1232.586,2145.14,1548.925,1156.594,26423.0
59491,Benson Creek Windfarm (Burnt River),59861,Benson Creek,OR,WECC,IPCO,WND,WT,2036.663,3016.389,2413.548,2686.176,2374.633,2751.754,3383.359,3052.05,1315.9,2290.136,1653.621,1234.771,28209.0
59492,Durbin Creek Windfarm (Burnt River),59862,Durbin Creek,OR,WECC,IPCO,WND,WT,1789.237,2649.94,2120.336,2359.843,2086.148,2417.454,2972.328,2681.269,1156.036,2011.916,1452.729,1084.764,24782.0
59493,Prospector Windfarm (Burnt River),59863,Prospector,OR,WECC,IPCO,WND,WT,1836.385,2719.765,2176.206,2422.024,2141.118,2481.153,3050.648,2751.919,1186.497,2064.93,1491.008,1113.347,25435.0
59494,Willow Spring Windfarm (Burnt River),59864,Willow Spring,OR,WECC,IPCO,WND,WT,2139.26,3168.337,2535.128,2821.489,2494.253,2890.37,3553.792,3205.794,1382.187,2405.499,1736.92,1296.971,29630.0
59547,Fowler Ridge IV Wind Farm LLC,56545,Pattern Operators LP,IN,RFC,PJM,WND,WT,42429.0,40791.0,46981.0,43904.0,34060.0,26033.0,12650.0,9489.0,19905.0,38024.0,53227.0,41917.0,409410.0
59621,TX Jumbo Road Wind,59871,"TX Jumbo Road Wind, LLC",TX,TRE,ERCO,WND,WT,94128.0,79994.0,89683.0,88279.0,79239.0,111474.0,60750.0,76115.0,65981.0,82087.0,99084.0,86242.0,1013056.0
59622,Future Generation Wind,57365,Consolidated Edison Solutions Inc,MA,NPCC,ISNE,WND,WT,945.21,1007.301,1269.185,1458.292,1209.927,667.54,701.865,789.618,885.467,942.053,1560.941,1433.601,12871.0
59629,Jericho Rise Wind Farm LLC,59362,Jericho Rise Wind Farm LLC,NY,NPCC,NYIS,WND,WT,12322.0,19734.0,21751.0,24080.0,17776.0,12002.0,15435.0,13713.0,18395.0,16705.0,30404.0,22543.0,224860.0
59637,Adams Wind,12341,MidAmerican Energy Co,IA,MRO,MISO,WND,WT,30750.009,37097.9,37020.552,36842.523,32588.031,38225.696,20940.606,28299.854,36456.316,40709.735,46579.107,35937.671,421448.0
59639,631 Owner Turbine,59395,Philips Lightolier,MA,NPCC,ISNE,WND,WT,30.549,32.557,41.021,47.133,39.106,21.575,22.685,25.521,28.619,30.448,50.451,46.335,416.0
59654,Sendero,59428,"Sendero Wind Energy, LLC",TX,TRE,ERCO,WND,WT,27666.611,26783.844,26663.394,26845.334,27984.468,29449.943,24240.704,22254.872,18104.075,25520.357,25890.355,27575.043,308979.0
59655,Campbell County Wind Farm,56769,Consolidated Edison Development Inc.,SD,MRO,SWPP,WND,WT,27636.927,35514.727,36984.809,31897.15,30745.964,31495.172,23716.822,29116.942,32167.844,33752.39,36928.932,35899.321,385857.0
59684,"Lindahl Wind Project, LLC",59380,"Enel Green Power NA, Inc.",ND,MRO,SWPP,WND,WT,53796.0,51232.0,53172.0,55073.0,51490.0,44867.0,41517.0,45684.0,61538.0,58285.0,63276.0,50610.0,630540.0
59692,NBC Field's Point Wind Farm,59463,Narragansett Bay Commission,RI,NPCC,ISNE,WND,WT,487.0,721.0,1000.0,972.0,605.0,489.0,353.0,364.0,526.0,539.0,699.0,613.0,7368.0
59712,"San Roman Wind I, LLC",57416,"Acciona Energy USA Global, LLC",TX,TRE,ERCO,WND,WT,24825.0,26349.0,32662.0,21672.0,26896.0,20125.0,25276.0,15481.0,17414.0,16419.0,15370.0,26186.0,268675.0
59724,Scituate Wind,59493,Scituate Wind LLC,MA,NPCC,ISNE,WND,WT,247.85,264.132,332.802,382.389,317.264,175.041,184.041,207.052,232.185,247.023,409.306,375.915,3375.0
59725,Fairhaven Wind,59494,Fairhaven Wind LLC,MA,NPCC,ISNE,WND,WT,426.229,454.229,572.321,657.597,545.6,301.018,316.496,356.067,399.289,424.806,703.885,646.463,5804.0
59732,Green Pastures Wind I,59501,"Green Pastures Wind I, LLC",TX,TRE,ERCO,WND,WT,44857.79,43426.497,43231.202,43526.195,45373.151,47749.228,39303.128,36083.361,29353.387,41377.917,41977.822,44709.322,500969.0
59733,Green Pastures Wind II,59502,"Green Pastures Wind II, LLC",TX,TRE,ERCO,WND,WT,43048.503,41674.94,41487.522,41770.616,43543.078,45823.319,37717.882,34627.981,28169.453,39708.987,40284.695,42906.024,480763.0
59734,Briscoe Wind Farm,59503,Capital Dynamics,TX,TRE,ERCO,WND,WT,27961.385,27069.211,26947.477,27131.356,28282.627,29763.716,24498.975,22491.985,18296.964,25792.262,26166.203,27868.839,312271.0
59735,Kirkwood Wind Turbine,59504,Kirkwood Community College,IA,MRO,MISO,WND,WT,176.789,213.284,212.84,211.816,187.356,219.768,120.392,162.702,209.596,234.049,267.794,206.614,2423.0
59736,"Valentine Wind, LLC",59506,"Valentine Wind, LLC",NE,MRO,SWPP,WND,WT,536.475,564.75,546.62,528.871,456.763,575.487,415.926,494.112,536.543,548.336,582.24,576.877,6363.0
59776,Heartland Community College,59543,Heartland Community College,IL,SERC,MISO,WND,WT,365.975,411.793,438.381,429.831,347.365,271.886,155.475,134.819,266.682,383.393,523.666,385.734,4115.0
59797,Bayonne MUA- Leitner-Poma Wind Turbine,59568,"SUEZ North America, Inc",NJ,RFC,PJM,WND,WT,1.384,1.307,1.549,1.496,1.173,0.808,0.791,0.785,1.046,1.237,1.817,1.607,15.0
59817,Tooele Army Depot,59598,Tooele Army Depot,UT,WECC,PACE,WND,WT,274.796,242.18,236.448,218.893,250.942,233.776,193.474,190.96,181.418,172.489,256.668,271.956,2724.0
59837,Slate Creek Wind Project LLC,57170,"EDF Renewable Asset Holdings, Inc.",KS,MRO,SWPP,WND,WT,50641.02,51817.386,52875.371,53844.416,48877.083,65986.646,40806.441,43507.543,46094.415,52018.836,59953.509,49818.334,616241.0
59838,Milo Wind Project LLC,57170,"EDF Renewable Asset Holdings, Inc.",NM,MRO,SWPP,WND,WT,20893.596,18817.928,22088.165,20334.695,19693.934,22831.426,13120.608,14405.257,14772.25,7969.554,20764.763,20953.824,216646.0
59888,CP Bloom Wind LLC,59365,Capital Power Corporation,KS,MRO,SWPP,WND,WT,57433.0,63139.0,62644.0,63233.0,64972.0,83725.0,50050.0,50537.0,53469.0,55377.0,66399.0,56673.0,727651.0
59902,Cardinal Point LLC,59365,Capital Power Corporation,IL,MRO,MISO,WND,WT,0.0,0.0,37117.0,54957.0,41432.0,41299.0,23986.0,22794.0,39137.0,55133.0,67880.0,47267.0,431002.0
59903,New Frontier Wind,59365,Capital Power Corporation,ND,MRO,MISO,WND,WT,36544.0,35925.0,36856.0,35007.0,35990.0,32109.0,26788.0,26975.0,41166.0,39973.0,40737.0,38465.0,426535.0
59943,Rattlesnake Den,59139,SunEdison LLC,TX,TRE,ERCO,WND,WT,67758.0,67117.0,61703.0,45395.0,68166.0,56400.0,70583.04,60331.0,41455.0,44450.0,49026.0,56406.0,688790.04
59953,Antrim Wind,59714,Antrim Wind Energy LLC,NH,NPCC,ISNE,WND,WT,8250.0,6548.0,7844.0,8568.0,7772.0,3610.0,4095.0,4675.0,5305.0,5660.0,8806.0,9089.0,80222.0
59965,Latigo Wind Park,58661,"Sustainable Power Group, LLC",UT,WECC,PACE,WND,WT,18212.0,16673.0,17696.0,13840.0,11066.0,15813.0,9336.0,9817.0,9446.0,12351.0,14492.0,14342.0,163084.0
59968,"Desert Wind Farm, LLC",15399,Avangrid Renewables LLC,NC,SERC,PJM,WND,WT,61079.0,54768.0,62853.0,64496.0,54962.0,42280.0,24489.0,21847.0,33478.0,32072.0,39009.0,54934.0,546267.0
59972,Bearkat,63428,"Bearkat Wind Energy 1, LLC",TX,TRE,ERCO,WND,WT,54132.0,60578.0,56105.0,64798.0,64671.0,74830.0,53821.0,53941.0,33046.0,61439.0,45035.0,61412.0,683808.0
59974,Golden West Power Partners LLC,59729,"Golden West Power Partners, LLC",CO,WECC,PSCO,WND,WT,82875.0,68092.0,64281.0,57289.0,88753.0,62117.0,68688.0,57702.0,57846.0,71941.0,72792.0,84068.0,836444.0
59975,Carousel Wind Farm LLC,59730,"Carousel Wind Farm, LLC",CO,WECC,PSCO,WND,WT,67877.144,54546.778,49217.374,48151.119,67911.823,50211.075,54464.56,51731.669,44757.138,47291.304,54248.145,66434.871,656843.0
60013,"Grant Wind, LLC",17650,Southern Power Co,OK,MRO,SWPP,WND,WT,52292.986,50639.338,49572.152,53786.043,42659.745,61056.13,36476.753,37295.906,36262.691,47472.131,55542.468,47027.657,570084.0
60015,Findlay Wind Farm,59760,Findlay Wind Farm,OH,RFC,PJM,WND,WT,745.041,714.125,686.092,668.632,704.071,561.49,325.922,297.787,492.269,653.936,928.273,904.362,7682.0
60049,Golden Hills Wind,59780,"Golden Hills Wind, LLC",CA,WECC,CISO,WND,WT,14692.721,15061.038,21833.054,29435.759,30035.812,33309.747,32704.702,27863.739,15425.463,16806.484,12861.408,12630.073,262660.0
60059,Los Vientos V Wind Power,59792,"Los Vientos Windpower V, LLC",TX,TRE,ERCO,WND,WT,31795.932,30781.41,30642.982,30852.077,32161.229,33845.432,27858.698,25576.475,20806.16,29329.343,29754.565,31690.697,355095.0
60069,"Cedar Bluff Wind, LLC",59817,"Cedar Bluff Wind, LLC",KS,MRO,SWPP,WND,WT,71176.634,72830.032,74317.044,75679.05,68697.396,92745.117,57354.001,61150.436,64786.319,73113.172,84265.462,70020.337,866135.0
60087,South Plains II,60453,Onward Energy,TX,TRE,ERCO,WND,WT,92868.0,91231.0,92253.0,99539.0,92868.0,115610.0,70699.0,73392.0,62539.0,88878.0,105375.0,91441.0,1076693.0
60088,Sunflower Wind Project,60453,Onward Energy,ND,MRO,WACM,WND,WT,39848.0,36799.0,36994.0,40951.0,39143.0,33756.0,28341.0,32058.0,42301.0,43915.0,46245.0,44025.0,464376.0
60104,"Javelina Wind Energy, LLC",59882,"Javelina Wind Energy, LLC",TX,TRE,ERCO,WND,WT,88406.0,79317.0,87092.0,70742.0,96413.0,82664.0,94870.0,68193.0,55773.0,68584.0,69787.0,84151.0,945992.0
60126,Harpster Wind,59899,"OEE XVII, LLC",OH,RFC,PJM,WND,WT,370.0,292.0,359.0,351.0,301.0,211.0,127.0,119.0,194.0,240.0,356.0,399.0,3319.0
60128,Zephyr Wind,59905,"OEE XIX, LLC",OH,RFC,PJM,WND,WT,1077.603,1032.888,992.341,967.088,1018.346,812.121,471.403,430.709,712.003,945.833,1342.624,1308.041,11111.0
60132,New Creek Wind,62967,"New Creek Wind, LLC",WV,SERC,PJM,WND,WT,34959.0,32449.0,31067.0,35262.0,33064.0,22111.0,12575.0,14863.0,13260.0,22341.0,31936.0,39695.0,323582.0
60143,Peak View Wind Farm,56146,"Black Hills Colorado Electric, LLC",CO,WECC,PSCO,WND,WT,22415.766,18013.542,16253.558,15901.438,22427.218,16581.718,17986.39,17083.879,14780.609,15617.492,17914.921,21939.469,216916.0
60145,"Broadview Energy JN, LLC",56545,Pattern Operators LP,NM,WECC,GRIS,WND,WT,63622.0,54670.0,70771.0,66023.0,61371.0,78435.0,43510.0,52684.0,48231.0,10102.0,72058.0,61964.0,683441.0
60152,"Broadview Energy KW, LLC",56545,Pattern Operators LP,NM,WECC,GRIS,WND,WT,50492.0,42561.0,57270.0,52802.0,50742.0,62466.0,33948.0,42381.0,38733.0,7349.0,53268.0,47598.0,539610.0
60210,Cotton Plains Wind Farm,59979,"Cotton Plains Wind I, LLC",TX,TRE,ERCO,WND,WT,18548.0,15872.0,14712.0,14622.0,15614.0,18896.0,14031.0,14118.0,11620.0,17882.0,19466.0,17038.0,192419.0
60217,Rocksprings,59999,"Rocksprings Val Verde Wind, LLC",TX,TRE,ERCO,WND,WT,39410.0,41459.0,38223.0,41604.0,49994.0,51066.0,44028.0,40588.0,28741.0,43760.0,42326.0,40510.0,501709.0
60218,Frontier Windpower,59998,"Frontier Windpower, LLC",OK,MRO,SPA,WND,WT,55784.0,54952.0,45489.0,62326.0,47215.0,65392.0,36470.0,36329.0,36880.0,61844.0,70002.0,47204.0,619887.0
60256,Bluestem,60044,"Bluestem Wind Energy, LLC",OK,MRO,SWPP,WND,WT,65105.0,67189.0,76619.0,77512.0,71098.0,94667.0,53741.0,65336.0,58444.0,64707.0,57147.0,60311.0,811876.0
60259,"Pioneer Wind Park, LLC",58661,"Sustainable Power Group, LLC",WY,WECC,PACE,WND,WT,36529.212,31672.969,24036.887,20434.473,18602.4,19428.862,17081.789,14263.963,13871.345,23816.728,35096.881,37399.491,292235.0
60262,Prairie Breeze II,49893,Invenergy Services LLC,NE,MRO,SWPP,WND,WT,26137.846,27515.492,26632.155,25767.412,22254.177,28038.623,20264.527,24073.892,26141.196,26715.745,28367.631,28106.304,310015.0
60270,Blue Cloud Wind Energy LLC,56215,RWE Renewables Americas LLC,TX,MRO,ERCO,WND,WT,56234.0,49789.0,55488.0,48007.0,50003.0,64933.0,38577.0,46294.0,40536.0,55425.0,58981.0,48511.0,612778.0
60314,Prairie Breeze III,49893,Invenergy Services LLC,NE,MRO,SWPP,WND,WT,12062.623,12698.406,12290.746,11891.667,10270.308,12939.831,9352.084,11110.107,12064.169,12329.323,13091.669,12971.067,143072.0
60317,"Grady Wind Energy Center, LLC",56545,Pattern Operators LP,NM,WECC,PNM,WND,WT,78262.0,63759.0,86675.0,81401.0,79290.0,96993.0,54742.0,63088.0,60490.0,9833.0,79491.0,79046.0,833070.0
60326,O'Brien Wind,12341,MidAmerican Energy Co,IA,MRO,MISO,WND,WT,58612.368,70712.041,70564.608,70225.268,62115.812,72861.724,39914.739,53942.147,69489.122,77596.533,88784.101,68500.537,803319.0
60329,"Ringer Hill Wind Farm, LLC",62892,Ringer Hill Wind LLC,PA,RFC,PJM,WND,WT,11898.0,12270.0,12090.0,11359.0,12021.0,6473.0,2861.0,4857.0,5115.0,8181.0,11989.0,14224.0,113338.0
60338,Electra Wind Farm,60128,"Electra Wind, LLC",TX,TRE,ERCO,WND,WT,84443.432,81749.069,81381.432,81936.746,85413.585,89886.478,73986.95,67925.837,55256.864,77892.679,79021.981,84163.947,943059.0
60339,Horse Creek Wind Farm,60129,"Horse Creek Wind, LLC",TX,TRE,ERCO,WND,WT,78435.341,75932.679,75591.199,76107.003,79336.467,83491.117,68722.829,63092.96,51325.376,72350.668,73399.621,78175.74,875961.0
60342,Ida Grove Wind,12341,MidAmerican Energy Co,IA,MRO,MISO,WND,WT,78069.42,94185.718,93989.342,93537.355,82735.872,97049.012,53164.897,71848.865,92556.837,103355.6,118257.01,91240.079,1069990.0
60354,Brady II Wind Energy Center,60149,"Brady Wind II, LLC",ND,MRO,SWPP,WND,WT,59500.0,55896.0,52576.0,58137.0,57514.0,50514.0,43251.0,47739.0,61234.0,63913.0,68159.0,63561.0,681994.0
60355,Brady Wind Energy Center,60148,"Brady Wind, LLC",ND,MRO,SWPP,WND,WT,53755.649,60872.436,61383.982,60616.133,57397.123,55043.148,43580.238,44823.175,62216.707,62912.234,69600.285,62887.89,695089.0
60366,Old Settler Wind,60155,"Old Settler Wind, LLC",TX,TRE,ERCO,WND,WT,38731.0,49098.0,48653.0,53996.0,47920.0,56284.0,41550.0,40636.0,25341.0,39899.0,45295.0,25703.0,513106.0
60404,Pisgah Mountain Wind,60207,"Pisgah Mountain, LLC",ME,NPCC,ISNE,WND,WT,2261.127,2661.974,3347.617,3332.683,3015.953,1567.174,1166.832,1725.939,2435.944,2496.712,3150.589,3053.456,30216.0
60414,Bethel Wind Farm LLC,17650,Southern Power Co,TX,MRO,SWPP,WND,WT,109691.0,99834.0,108167.0,104578.0,99676.0,128693.0,77019.0,94200.0,82672.0,105921.0,112950.0,102174.0,1225575.0
60470,Paulding Wind Farm III,60258,Paulding Wind Farm III LLC,OH,RFC,PJM,WND,WT,34071.0,31349.0,26097.0,15716.0,28176.0,19825.0,12555.0,11494.0,20249.0,24749.0,34430.0,36531.0,295242.0
60471,Green River Wind Farm,60259,"Green River Wind Farm Phase 1, LLC",IL,RFC,PJM,WND,WT,44791.0,53284.0,57706.0,54376.0,45048.0,32856.0,18349.0,15527.0,36677.0,51862.0,70491.0,46674.0,527641.0
60486,Greenfield Wind - MT,60025,Greenbacker Renewable Energy Corporation,MT,WECC,NWMT,WND,WT,9051.33,9439.676,7464.292,7648.87,6014.554,6825.29,4806.382,4629.348,6454.896,7292.597,10902.954,9317.811,89848.0
60502,"Tyler Bluff Wind Project, LLC",17650,Southern Power Co,TX,TRE,ERCO,WND,WT,42432.0,37150.0,32434.0,37996.0,36862.0,32957.0,25196.0,24355.0,20188.0,36628.0,36855.0,32221.0,395274.0
60503,Crowned Ridge Wind Energy Center,61416,"Crowned Ridge Wind, LLC",SD,MRO,MISO,WND,WT,33627.0,67429.0,63701.0,57905.0,61838.0,61111.0,52495.0,64176.0,89685.0,83496.0,87429.0,86671.0,809563.0
60504,Blazing Star Wind Farm 1,60289,"Blazing Star Wind Farm, LLC",MN,MRO,MISO,WND,WT,0.0,0.0,0.0,53183.0,64382.0,59481.0,41784.0,50295.0,71285.0,70404.0,81859.0,74522.0,567195.0
60505,Crocker Wind Farm,60290,"Crocker Wind Farm, LLC",SD,MRO,MISO,WND,WT,64504.0,68337.0,79211.0,62419.0,66962.0,72121.0,51145.0,60014.0,66304.0,72967.0,77765.0,66987.0,808736.0
60541,Wind GEM,60302,"Wind GEM, LLC",IA,MRO,MISO,WND,WT,372.622,449.543,448.606,446.448,394.893,463.209,253.753,342.93,441.768,493.31,564.434,435.484,5107.0
60545,"Grant Plains Wind, LLC",17650,Southern Power Co,OK,MRO,SWPP,WND,WT,48868.0,50748.0,44501.0,48557.0,36119.0,59417.0,32910.0,31843.0,31940.0,47503.0,55063.0,41980.0,529449.0
60551,Big Level Wind,60328,Big Level Wind LLC,PA,RFC,PJM,WND,WT,22030.0,17001.0,27662.0,26659.0,21980.0,18046.0,14425.0,14170.0,19955.0,26482.0,35178.0,31711.0,275299.0
60574,"Great Western Wind Energy, LLC",57170,"EDF Renewable Asset Holdings, Inc.",OK,MRO,SWPP,WND,WT,82926.0,82243.0,86453.0,92912.0,79073.0,107363.0,62834.0,70437.0,67971.0,83488.0,96526.0,82209.0,994435.0
60587,Kelly Creek Wind Project,57170,"EDF Renewable Asset Holdings, Inc.",IL,RFC,PJM,WND,WT,58643.0,60422.0,63006.0,61583.0,50118.0,43165.0,22058.0,19127.0,42848.0,51585.0,77176.0,55357.0,605088.0
60592,Rush Springs Wind,60819,Rush Springs Wind Project,OK,MRO,SWPP,WND,WT,90969.0,94131.0,86359.0,88281.0,73130.0,81122.0,56846.0,56097.0,53493.0,86791.0,99521.0,86943.0,953683.0
60594,Voyager Wind I,2770,Terra-Gen Operating Co-Wind,CA,WECC,CISO,WND,WT,20788.0,20845.0,26562.0,46846.0,48913.0,45348.0,40045.0,40404.0,24324.0,25945.0,18427.0,18851.0,377298.0
60619,Rush Creek Wind,15466,Public Service Co of Colorado,CO,WECC,PSCO,WND,WT,205463.0,161695.0,103249.0,161575.0,233664.0,159360.0,177924.0,174457.0,158202.0,113785.0,167779.0,207168.0,2024321.0
60620,"Ninnescah Wind Energy, LLC",60364,Ninnescah Wind Energy LLC,KS,MRO,SWPP,WND,WT,71263.0,75076.0,69221.0,74704.0,64771.0,95994.0,56469.0,61465.0,63572.0,74628.0,84040.0,69559.0,860762.0
60639,Kingman Wind,60371,"Kingman Wind Energy, LLC",KS,MRO,SWPP,WND,WT,73090.0,72656.0,67253.0,75871.0,63320.0,96190.0,55134.0,58506.0,60993.0,73093.0,82533.0,70392.0,849031.0
60645,"Javelina Wind Energy II, LLC",60384,"Javelina Wind Energy II, LLC",TX,TRE,ERCO,WND,WT,69278.322,67067.837,66766.224,67221.81,70074.247,73743.858,60699.71,55727.105,45333.341,63904.012,64830.504,69049.03,773696.0
60655,Rock Creek Wind Project,59380,"Enel Green Power NA, Inc.",MO,MRO,SWPP,WND,WT,98308.0,101892.0,101061.0,105911.0,84005.0,92008.0,55486.0,67904.0,91885.0,101332.0,109338.0,85974.0,1095104.0
60657,"Salt Fork Wind Project, LLC",17650,Southern Power Co,TX,TRE,ERCO,WND,WT,67435.0,62113.0,64632.0,67704.0,59501.0,77890.0,46549.0,53512.0,47539.0,55590.0,59664.0,66735.0,728864.0
60672,Osborn Wind Energy,60397,Osborn Wind Energy LLC,MO,MRO,SWPP,WND,WT,57652.0,63244.0,65625.0,67960.0,51970.0,55587.0,34329.0,39592.0,58505.0,69017.0,72930.0,56031.0,692442.0
60687,"Cimarron Bend Wind Project I, LLC",60406,"Cimarron Bend Wind Project I, LLC",KS,MRO,SWPP,WND,WT,69663.0,78363.0,76189.0,75412.0,82349.0,101831.0,65368.0,67034.0,67265.0,56313.0,88944.0,73745.0,902476.0
60688,"Cimarron Bend Wind Project II, LLC",60407,"Cimarron Bend Wind Project II, LLC",KS,MRO,SWPP,WND,WT,70076.0,80334.0,78051.0,74748.0,79118.0,100242.0,66404.0,68809.0,67990.0,69498.0,83502.0,70486.0,909258.0
60689,Western Plains Wind Farm,22500,"Evergy Kansas Central, Inc",KS,MRO,SWPP,WND,WT,85446.0,85951.0,91457.0,97757.0,92659.0,131647.0,79515.0,83633.0,81975.0,89547.0,102399.0,87704.0,1109690.0
60700,Wind Colebrook South,60430,Wind Colebrook South,CT,NPCC,ISNE,WND,WT,998.0,1044.0,1234.0,1385.0,1163.0,551.0,543.0,533.0,834.0,935.0,1367.0,1597.0,12184.0
60743,"Rattlesnake Power, LLC",60443,"Rattlesnake Power, LLC",TX,TRE,ERCO,WND,WT,54709.38,57291.3,44202.51,51290.91,53130.33,50116.77,42878.88,42108.66,31256.28,53151.12,56208.24,54631.0,590975.38
60856,Astra Wind Farm,60515,Astra Wind LLC,TX,TRE,ERCO,WND,WT,29568.0,44931.0,46926.0,43110.0,43890.0,38374.0,35618.0,45618.0,21445.0,23563.0,30604.0,36012.0,439659.0
60865,Equity Industrial Turbines,60521,Equity Industrial Turbines,MA,NPCC,ISNE,WND,WT,646.614,689.091,868.244,997.612,827.706,456.662,480.143,540.175,605.744,644.455,1067.833,980.721,8805.0
60873,Prairie Wind Farm,12341,MidAmerican Energy Co,IA,MRO,MISO,WND,WT,40857.0,46044.0,43404.0,55661.0,41240.0,43675.0,24329.0,35096.0,45164.0,42928.0,59850.0,49014.0,527262.0
60883,"Deerfield Wind Energy, LLC",60537,"Deerfield Wind Energy, LLC",MI,RFC,MISO,WND,WT,53711.0,62132.0,50862.0,45040.0,38523.0,28147.0,22563.0,24505.0,41804.0,49524.0,65565.0,59452.0,541828.0
60901,Willow Springs Wind Farm,60542,"Willow Springs Windfarm, LLC",TX,TRE,ERCO,WND,WT,86024.0,83797.0,75466.0,84484.0,82465.0,94597.0,71106.0,66501.0,50404.0,84990.0,86567.0,87720.0,954121.0
60902,Dermott Wind,60543,"Dermott Wind, LLC",TX,TRE,ERCO,WND,WT,86787.0,84359.0,80544.0,64941.0,55896.0,94941.0,74477.0,69883.0,51611.0,95087.0,89188.0,87316.0,935030.0
60905,"Oliver Wind III, LLC",60562,"Oliver Wind III, LLC",ND,MRO,MISO,WND,WT,38687.0,36503.0,39926.0,41603.0,38316.0,35288.0,26355.0,29063.0,41280.0,44668.0,45943.0,39509.0,457141.0
60911,Green Energy Machine,60567,"Green Energy Machine, LLC",IA,MRO,MISO,WND,WT,420.34,507.111,506.054,503.62,445.463,522.528,286.248,386.846,498.341,556.483,636.715,491.251,5761.0
60931,CCC Hastings Wind Turbine,60578,"CCC Hastings Renewable Energy, LLC",NE,MRO,SWPP,WND,WT,665.302,700.369,677.884,655.874,566.449,713.684,515.805,612.767,665.388,680.012,722.059,715.407,7891.0
60932,Creston Ridge Wind Farm,60577,"Creston Ridge, LLC",NE,MRO,SWPP,WND,WT,2432.727,2560.947,2478.732,2398.248,2071.261,2609.636,1886.079,2240.627,2433.037,2486.512,2640.258,2615.936,28854.0
60983,Buckthorn Wind Project,60617,"Buckthorn Wind Project, LLC",TX,TRE,ERCO,WND,WT,49364.0,45988.0,33616.0,32690.0,31416.0,31846.0,27045.0,24660.0,32203.0,29428.0,35633.0,33452.0,407341.0
60987,Santa Rita Wind Energy,59359,"BHE Renewables, LLC",TX,TRE,ERCO,WND,WT,115818.0,111850.0,106426.0,115928.0,122639.0,125822.0,108894.0,109813.0,68521.0,118015.0,57760.0,116899.0,1278385.0
60991,Sterling I Wind Farm,60634,AEM Wind LLC,NM,MRO,SWPP,WND,WT,13178.0,11201.0,12661.0,11761.0,11710.0,13432.0,9221.0,9426.0,8650.0,11669.0,12687.0,12325.0,137921.0
60999,Reading Wind Project,17650,Southern Power Co,KS,MRO,SWPP,WND,WT,0.0,0.0,0.0,0.0,13508.0,51289.0,29222.0,35253.0,44072.0,57032.0,75704.0,58302.0,364382.0
61001,Cactus Flats Wind Energy Project,17650,Southern Power Co,TX,TRE,ERCO,WND,WT,47247.0,44625.0,40315.0,40301.0,47712.0,45125.0,37146.0,33386.0,26190.0,38508.0,45273.0,46978.0,492806.0
61002,"WED Portsmouth One, LLC",60621,"WED Portsmouth One, LLC",RI,NPCC,ISNE,WND,WT,487.254,416.562,551.197,553.094,491.732,280.03,281.336,261.898,289.018,350.131,501.747,566.001,5030.0
61004,Whirlpool Corporation - Ottawa Wind Farm,60644,OEE XXIV LLC,OH,RFC,PJM,WND,WT,396.668,380.21,365.285,355.989,374.857,298.945,173.525,158.546,262.091,348.164,494.225,481.495,4090.0
61005,Whirlpool Corporation - Marion Wind Farm,60645,OEE XXIII LLC,OH,RFC,PJM,WND,WT,913.697,875.784,841.405,819.993,863.454,688.596,399.702,365.198,603.706,801.97,1138.409,1109.086,9421.0
61032,Heart of Texas Wind Project,63074,Scout Clean Energy LLC,TX,TRE,ERCO,WND,WT,0.0,0.0,0.0,0.0,31373.0,54548.0,48912.0,46124.0,35864.0,56632.0,62582.0,63247.0,399282.0
61039,Deerfield Wind LLC,15399,Avangrid Renewables LLC,VT,NPCC,ISNE,WND,WT,7786.0,6616.0,10068.0,10872.0,9521.0,5615.0,6152.0,6955.0,7536.0,8773.0,13083.0,11134.0,104111.0
61040,Twin Buttes II Wind,15399,Avangrid Renewables LLC,CO,WECC,WACM,WND,WT,27855.0,25416.0,29130.0,26260.0,32999.0,30836.0,26615.0,30199.0,26033.0,25245.0,31002.0,27127.0,338717.0
61047,Coyote Ridge,63083,Coyote Ridge LLC,SD,MRO,WACM,WND,WT,32110.0,40546.0,41222.0,40343.0,33281.0,36410.0,25410.0,32419.0,35988.0,40591.0,41767.0,38142.0,438229.0
61056,Seward Wind Farm,61275,Seward Wind LLC,NE,MRO,SWPP,WND,WT,654.848,689.363,667.232,645.567,557.548,702.469,507.7,603.138,654.932,669.326,710.712,704.165,7767.0
61066,Foundation CDCR LAC,60690,"Foundation CA Fund VIII Manager, LLC",CA,WECC,CISO,WND,WT,241.654,247.711,359.091,484.133,494.003,547.849,537.898,458.278,253.704,276.418,211.533,207.728,4320.0
61067,Foundation Scheid Vineyards,60690,"Foundation CA Fund VIII Manager, LLC",CA,WECC,CISO,WND,WT,209.321,214.568,311.046,419.358,427.907,474.549,465.929,396.962,219.76,239.434,183.231,179.935,3742.0
61070,Saratoga Wind Farm,11479,Madison Gas & Electric Co,IA,MRO,MISO,WND,WT,18806.0,25562.0,25301.0,25883.0,24215.0,22119.0,14345.0,18572.0,23915.0,24812.0,31329.0,21780.0,276639.0
61077,Orient Wind Farm,12341,MidAmerican Energy Co,IA,MRO,MISO,WND,WT,105744.0,157801.0,147249.0,152155.0,129807.0,169524.0,97863.0,119944.0,119671.0,152092.0,207240.0,144985.0,1704075.0
61079,Beaver Creek Wind,12341,MidAmerican Energy Co,IA,MRO,MISO,WND,WT,95727.0,99253.0,111714.0,113563.0,88799.0,120181.0,52582.0,87433.0,113359.0,127368.0,132866.0,109778.0,1252623.0
61100,"Burke Wind, LLC",60714,Burke Wind LLC,ND,MRO,SWPP,WND,WT,0.0,0.0,0.0,0.0,0.0,0.0,0.0,0.0,0.0,0.0,0.0,22262.0,22262.0
61106,Pine River Wind Park,5109,DTE Electric Company,MI,RFC,MISO,WND,WT,38341.0,43800.0,40225.0,36403.0,34161.0,25997.0,17462.0,20536.0,29818.0,35260.0,53373.0,40278.0,415654.0
61155,Big Timber Wind Farm,56769,Consolidated Edison Development Inc.,MT,WECC,NWMT,WND,WT,11692.0,9753.0,6589.0,7752.0,5771.0,6673.0,4396.0,3948.0,6669.0,8336.0,11677.0,11842.0,95098.0
61161,Harvest Ridge  Wind Farm,60719,Harvest Ridge Wind Farm,IL,SERC,MISO,WND,WT,0.0,0.0,0.0,0.0,0.0,0.0,18776.0,21512.0,37330.0,58067.0,77294.0,63503.0,276482.0
61212,Flat Top Wind I,60844,"Flat Top Wind I, LLC",TX,TRE,ERCO,WND,WT,79853.0,82638.0,80556.0,76478.0,82731.0,72795.0,64900.0,62020.0,51962.0,81639.0,81846.0,77925.0,895343.0
61221,Redbed Plains Wind Farm,60859,Redbed Plains Wind Farm LLC,OK,MRO,SWPP,WND,WT,42004.0,40026.0,37003.0,40232.0,29840.0,41990.0,28194.0,27853.0,25088.0,34447.0,40905.0,37109.0,424691.0
61222,Golden Hills North Wind Energy Center,60811,"Golden Hills Interconnection Wind, LLC",CA,WECC,CISO,WND,WT,7737.0,10012.0,10805.0,19194.0,19302.0,19974.0,25877.0,20226.0,10516.0,8746.0,7244.0,5258.0,164891.0
61261,Rock Falls Wind Farm LLC,57170,"EDF Renewable Asset Holdings, Inc.",OK,MRO,SWPP,WND,WT,52799.0,50826.0,48864.0,51941.0,39279.0,63242.0,35505.0,33868.0,32986.0,48283.0,55087.0,46703.0,559383.0
61269,Thunder Ranch Wind Project,60881,"Thunder Ranch Wind Project, LLC",OK,MRO,SWPP,WND,WT,104927.0,98707.0,98187.0,100150.0,70938.0,120600.0,74831.0,73221.0,73143.0,105861.0,118211.0,85215.0,1123991.0
61270,Red Dirt Wind Project,60882,"Red Dirt Wind Project, LLC",OK,MRO,SWPP,WND,WT,95906.0,94835.0,80603.0,92638.0,67502.0,85854.0,57605.0,60972.0,51105.0,94313.0,112706.0,89859.0,983898.0
61303,Bluff Point Wind Facility,60944,"Bluff Point Wind, LLC",IN,RFC,PJM,WND,WT,38550.0,35276.0,37460.0,32843.0,30480.0,22506.0,12770.0,13819.0,24471.0,32779.0,46373.0,43523.0,370850.0
61330,Hog Creek Wind Project,60969,Hog Creek Wind Project LLC,OH,RFC,PJM,WND,WT,22039.0,18958.0,19239.0,18438.0,16693.0,13856.0,9009.0,6785.0,12968.0,17038.0,22651.0,23139.0,200813.0
61343,Karankawa Wind LLC,15399,Avangrid Renewables LLC,TX,TRE,ERCO,WND,WT,96595.0,101457.0,116939.0,84602.0,92835.0,63873.0,83395.0,60586.0,74473.0,66253.0,62599.0,90794.0,994401.0
61344,Otter Creek Wind Farm LLC,15399,Avangrid Renewables LLC,IL,RFC,PJM,WND,WT,4118.0,28032.0,44355.0,43035.0,32774.0,28071.0,15752.0,14277.0,31945.0,43798.0,60425.0,41652.0,388234.0
61356,Valfilm Wind Project,60996,OEE XXV LLC,OH,RFC,PJM,WND,WT,717.499,687.724,660.727,643.913,678.042,540.732,313.872,286.778,474.07,629.76,893.955,870.928,7398.0
61357,Red Pine Wind Project,57170,"EDF Renewable Asset Holdings, Inc.",MN,MRO,MISO,WND,WT,64755.0,84541.0,79657.0,70005.0,64214.0,70529.0,46282.0,60821.0,71258.0,69381.0,91283.0,77746.0,850472.0
61402,Foard City Wind,61037,"Foard City Wind, LLC",TX,TRE,ERCO,WND,WT,111061.0,116860.0,104833.0,120315.0,103657.0,132383.0,96092.0,89697.0,70750.0,113527.0,122851.0,120227.0,1302253.0
61407,Cottonwood Wind Energy Center,61042,Cottonwood Wind Project,NE,MRO,SWPP,WND,WT,34236.0,38970.0,35274.0,36543.0,34425.0,40582.0,27983.0,34136.0,36185.0,37367.0,39297.0,37597.0,432595.0
61417,Gopher Creek Wind Farm,61054,Fluvanna Wind Energy 2 LLC,TX,TRE,ERCO,WND,WT,53708.0,55325.0,56273.0,57264.0,57896.0,64636.0,49099.0,49230.0,34521.0,62093.0,50556.0,57060.0,647661.0
61442,Foundation California Training Facility,61070,"Foundation CA Fund IX Manager, LLC",CA,WECC,CISO,WND,WT,281.592,288.652,418.441,564.15,575.65,638.397,626.801,534.021,295.636,322.104,246.495,242.061,5034.0
61443,Foundation Mann Packing,61070,"Foundation CA Fund IX Manager, LLC",CA,WECC,CISO,WND,WT,286.908,294.099,426.337,574.796,586.514,650.444,638.629,544.099,301.215,328.183,251.147,246.629,5129.0
61444,Foundation SaIinas Valley State Prison,61070,"Foundation CA Fund IX Manager, LLC",CA,WECC,CISO,WND,WT,265.706,272.367,394.834,532.323,543.174,602.381,591.439,503.894,278.957,303.932,232.588,228.405,4750.0
61540,Fort Hays State University Wind Farm,61149,Fort Hays State University,KS,MRO,SWPP,WND,WT,1273.747,1303.337,1329.948,1354.322,1229.381,1659.729,1026.384,1094.323,1159.39,1308.404,1507.98,1253.055,15500.0
61564,Upland Prairie,9417,Interstate Power and Light Co,IA,MRO,MISO,WND,WT,73334.0,101161.0,110444.0,103236.0,93160.0,64053.0,60637.0,79733.0,95185.0,97873.0,89632.0,72031.0,1040479.0
61565,English Farms,9417,Interstate Power and Light Co,IA,MRO,MISO,WND,WT,48841.0,56388.0,61349.0,60320.0,41255.0,48814.0,25254.0,32643.0,47628.0,55666.0,70582.0,47809.0,596549.0
61582,Voyager Wind II,2770,Terra-Gen Operating Co-Wind,CA,WECC,CISO,WND,WT,40390.0,27043.0,31937.0,52973.0,52202.0,51895.0,52098.0,48858.0,29390.0,32507.0,24690.0,24999.0,468982.0
61583,Voyager Wind III,2770,Terra-Gen Operating Co-Wind,CA,WECC,CISO,WND,WT,12327.0,7415.0,9104.0,16377.0,16024.0,16151.0,14523.0,14245.0,8031.0,9025.0,6489.0,6898.0,136609.0
61584,Voyager Wind IV,2770,Terra-Gen Operating Co-Wind,CA,WECC,CISO,WND,WT,3993.372,4093.476,5934.059,8000.417,8163.506,9053.337,8888.89,7573.153,4192.524,4567.875,3495.633,3432.758,71389.0
61589,UL Advanced Wind Turbine Test Facility,61188,West Texas A&M University,TX,MRO,SWPP,WND,WT,951.474,921.115,916.972,923.229,962.405,1012.804,833.654,765.36,622.612,877.663,890.387,948.325,10626.0
61609,"Heartland Divide Wind Project, LLC",61214,"Heartland Divide Wind Project, LLC",IA,MRO,MISO,WND,WT,38245.0,43886.0,40224.0,38822.0,30985.0,40945.0,25276.0,30152.0,35789.0,41190.0,47834.0,38546.0,451894.0
61638,Turtle Creek Wind Farm LLC,61330,Turtle Creek Wind Farm LLC,IA,MRO,MISO,WND,WT,54657.0,63920.0,66062.0,58300.0,57276.0,56649.0,27657.0,40885.0,51978.0,63098.0,69807.0,48338.0,658627.0
61644,August Wind Farm,61254,"August Wind Energy, LLC",IA,MRO,MISO,WND,WT,508.331,613.269,611.991,609.048,538.716,631.913,346.171,467.828,602.663,672.977,770.004,594.089,6967.0
61660,Whirlpool Corp-Greenville Wind Farm,61278,OEE XXVI LLC,OH,RFC,PJM,WND,WT,1024.069,981.573,943.041,919.043,967.754,771.775,447.983,409.311,676.63,898.843,1275.922,1243.056,10559.0
61668,"Creston Ridge II, LLC",61280,"Creston Ridge II, LLC",NE,MRO,SWPP,WND,WT,2677.989,2819.136,2728.633,2640.035,2280.081,2872.734,2076.229,2466.523,2678.331,2737.197,2906.443,2879.669,31763.0
61673,Arkwright Summit Wind Farm LLC,58261,Arkwright Summit Wind Farm LLC,NY,NPCC,NYIS,WND,WT,26972.0,20856.0,25958.0,20744.0,20515.0,14606.0,12768.0,14374.0,20392.0,22287.0,31408.0,24925.0,255805.0
61674,Wildcat Ranch Wind Project,61291,"Wildcat Ranch Wind Project, LLC",TX,MRO,SWPP,WND,WT,63635.0,59404.0,61673.0,58489.0,60386.0,70554.0,49774.0,51925.0,43583.0,60873.0,65613.0,63697.0,709606.0
61677,Perennial Windfarm,61288,"Perennial Wind, LLC",NE,MRO,SWPP,WND,WT,2921.733,3075.728,2976.987,2880.325,2487.609,3134.205,2265.203,2691.02,2922.107,2986.331,3170.982,3141.77,34654.0
61734,Seneca Nation Cattaraugus Wind Turbine,61363,Seneca Nation,NY,NPCC,NYIS,WND,WT,254.007,257.463,310.355,296.505,209.285,159.643,179.603,163.065,231.373,247.37,370.09,298.241,2977.0
61735,Hilltopper Wind Project,61365,"Hilltopper Wind Project, LLC",IL,SERC,PJM,WND,WT,53141.0,56680.0,60991.0,61101.0,46844.0,36686.0,19376.0,13450.0,25370.0,49190.0,68602.0,50481.0,541912.0
61745,Aurora County Wind,56769,Consolidated Edison Development Inc.,SD,MRO,SWPP,WND,WT,5821.519,7480.922,7790.584,6718.905,6476.416,6634.231,4995.778,6133.274,6775.925,7109.698,7778.814,7561.934,81278.0
61746,Brule County Wind,56769,Consolidated Edison Development Inc.,SD,MRO,SWPP,WND,WT,5551.78,7134.295,7429.609,6407.586,6176.333,6326.835,4764.299,5849.09,6461.964,6780.272,7418.384,7211.553,77512.0
61747,"Foxtail Wind, LLC",61374,"Foxtail Wind, LLC",ND,MRO,MISO,WND,WT,22255.0,52911.0,56268.0,54657.0,52013.0,52371.0,43532.0,38505.0,56690.0,56942.0,70581.0,57752.0,614477.0
61756,Meadow Lake Wind Farm VI LLC,61381,Meadow Lake Wind Farm VI LLC,IN,RFC,MISO,WND,WT,61668.0,61200.0,67020.0,64370.0,53954.0,28581.0,20627.0,15866.0,34492.0,61324.0,84979.0,65638.0,619719.0
61773,"Palmas Wind, LLC",57416,"Acciona Energy USA Global, LLC",TX,TRE,ERCO,WND,WT,0.0,0.0,0.0,0.0,0.0,0.0,0.0,0.0,0.0,0.0,13467.0,20048.0,33515.0
61775,Town of Otis Wind Energy Project,61397,Town of Otis,MA,NPCC,ISNE,WND,WT,234.999,250.436,315.546,362.562,300.813,165.965,174.498,196.316,220.146,234.214,388.082,356.423,3200.0
61776,"Midway Wind, LLC",61396,"Midway Wind, LLC",TX,TRE,ERCO,WND,WT,45675.0,48480.0,58069.0,56427.0,48720.0,35868.0,49060.0,33355.0,37383.0,31869.0,15515.0,31869.0,492290.0
61782,Live Oak Wind Project,56201,Engie North America,TX,TRE,ERCO,WND,WT,76084.0,60828.0,64698.0,72427.0,77033.0,72359.0,60280.0,60655.0,42337.0,75555.0,78963.0,75821.0,817040.0
61784,Upstream Wind Energy LLC,49893,Invenergy Services LLC,NE,MRO,SWPP,WND,WT,67005.0,76342.0,77396.0,73691.0,61727.0,79252.0,56711.0,63286.0,71844.0,73444.0,82332.0,84146.0,867176.0
61787,Bishop Hill III,49893,Invenergy Services LLC,IL,SERC,MISO,WND,WT,33462.0,40316.0,42552.0,44705.0,35149.0,30393.0,18854.0,17385.0,33853.0,39282.0,52885.0,35334.0,424170.0
61788,Hilltop Power,61415,"Hilltop Power, LLC",MN,MRO,MISO,WND,WT,360.104,464.695,461.888,385.564,332.151,360.997,244.717,327.638,345.376,351.617,415.091,379.162,4429.0
61789,"Diamond Vista Wind Project, LLC",61413,"Enel Green Power Diamond Vista Wind Project, LLC",KS,MRO,SWPP,WND,WT,99280.0,99704.0,96850.0,103297.0,76001.0,129085.0,68004.0,85069.0,91386.0,105329.0,123208.0,78264.0,1155477.0
61836,"Minco Wind IV, LLC",61458,"Minco Wind IV, LLC",OK,MRO,SWPP,WND,WT,53704.0,51708.0,47844.0,54250.0,42948.0,60074.0,38291.0,38494.0,34794.0,46144.0,32694.0,50091.0,551036.0
61848,"PYCO Industries, Inc. Wind Farm",61470,"PYCO Industries, Inc.",TX,MRO,SWPP,WND,WT,678.818,657.159,654.204,658.668,686.617,722.573,594.761,546.038,444.195,626.158,635.237,676.572,7581.0
61858,"Stillwater Wind, LLC",56545,Pattern Operators LP,MT,WECC,NWMT,WND,WT,37938.0,30885.0,20009.0,25044.0,19137.0,21266.0,13599.0,12192.0,21943.0,28315.0,38540.0,38448.0,307316.0
61865,"Rio Bravo Windpower, LLC",61485,"Rio Bravo Windpower, LLC",TX,TRE,ERCO,WND,WT,56534.0,20290.0,29138.0,38464.0,56615.0,46138.0,61778.0,46607.0,45711.0,43893.0,51041.0,76548.0,572757.0
61866,Wildhorse Mountain Wind Facility,17650,Southern Power Co,OK,MRO,SWPP,WND,WT,40454.0,41591.0,43834.0,37736.0,35537.0,26813.0,26172.0,23227.0,23103.0,37738.0,46919.0,40403.0,423527.0
61876,"Persimmon Creek Wind Farm 1, LLC",61495,"Persimmon Creek Wind Farm 1, LLC",OK,MRO,SWPP,WND,WT,79204.0,77298.0,72660.0,82974.0,64447.0,105004.0,59004.0,64352.0,64008.0,76160.0,84915.0,75148.0,905174.0
61889,Sholes Wind Energy Center,61502,"Sholes Wind Energy Center, LLC",NE,MRO,SWPP,WND,WT,61415.0,65559.0,35833.0,55942.0,56643.0,67033.0,47106.0,55865.0,63936.0,66587.0,66912.0,64112.0,706943.0
61911,Ivester Wind Farm,12341,MidAmerican Energy Co,IA,MRO,MISO,WND,WT,17545.0,20465.0,27084.0,25345.0,23639.0,28313.0,14652.0,19189.0,29063.0,35621.0,36632.0,23201.0,300749.0
61916,Pegasus Wind,61521,"Pegasus Wind, LLC",MI,RFC,MISO,WND,WT,494.0,616.0,560.0,501.0,477.0,129.0,303.0,10962.0,27581.0,34579.0,51516.0,39593.0,167311.0
61921,Tahoka Wind,61527,"Tahoka Wind, LLC",TX,TRE,ERCO,WND,WT,116952.0,107432.0,114161.0,109187.0,106891.0,125597.0,87148.0,82273.0,63623.0,111093.0,115721.0,114155.0,1254233.0
61925,Casa Mesa Wind Energy Center Hybrid,61531,"Casa Mesa Wind, LLC",NM,WECC,PNM,WND,WT,17256.0,15442.0,18714.0,16788.0,17595.0,22591.0,12497.0,13378.0,12650.0,3923.0,18810.0,17789.0,187433.0
61926,"Armadillo Flats Wind Project, LLC",61530,"Armadillo Flats Wind Project, LLC",OK,MRO,SWPP,WND,WT,89583.0,83529.0,80932.0,90469.0,73562.0,107631.0,63869.0,62220.0,61683.0,82286.0,96827.0,76148.0,968739.0
61957,"Pratt Wind, LLC",61537,"Pratt Wind, LLC",KS,MRO,SWPP,WND,WT,82466.0,86273.0,87174.0,90658.0,82435.0,119179.0,67111.0,71459.0,75390.0,93390.0,101744.0,89101.0,1046380.0
61969,"Torrecillas Wind Energy, LLC",61562,"Torrecillas Wind Energy, LLC",TX,TRE,ERCO,WND,WT,101328.0,96691.0,107342.0,77540.0,104896.0,98319.0,119231.0,88337.0,70588.0,87311.0,81733.0,108020.0,1141336.0
61970,"Blue Summit II Wind, LLC",61563,"Blue Summit II Wind, LLC",TX,TRE,ERCO,WND,WT,34494.0,33847.0,30880.0,36428.0,32516.0,41280.0,28253.0,27986.0,20819.0,32943.0,35998.0,34841.0,390285.0
61984,"Solomon Forks Wind Project, LLC",56201,Engie North America,KS,MRO,SWPP,WND,WT,93966.0,101678.0,98203.0,97498.0,102184.0,104686.0,87184.0,90745.0,98094.0,92436.0,107073.0,101272.0,1175019.0
61990,TAC-Distributed Energy Resource Hybrid,61576,Ameren Illinois,IL,SERC,MISO,WND,WT,11.741,13.209,14.062,13.788,11.143,8.721,4.987,4.325,8.555,12.298,16.798,12.373,132.0
62035,Glaciers Edge Wind Project,57170,"EDF Renewable Asset Holdings, Inc.",IA,MRO,MISO,WND,WT,46259.0,50111.0,56614.0,57897.0,62325.0,77076.0,49386.0,64725.0,77088.0,85614.0,87754.0,81373.0,796222.0
62038,Santa Rita East,49893,Invenergy Services LLC,TX,TRE,ERCO,WND,WT,110827.0,110082.0,107094.0,115421.0,125825.0,124795.0,107574.0,106938.0,64525.0,116401.0,57387.0,115873.0,1262742.0
62079,Whispering Willow North,9417,Interstate Power and Light Co,IA,MRO,MISO,WND,WT,27781.0,75394.0,77095.0,77184.0,66986.0,75362.0,41840.0,54852.0,74814.0,80877.0,90592.0,69305.0,812082.0
62080,Richland,9417,Interstate Power and Light Co,IA,MRO,MISO,WND,WT,0.0,0.0,0.0,0.0,0.0,0.0,0.0,0.0,33271.0,56406.0,40923.0,32919.0,163519.0
62081,Golden Plains,9417,Interstate Power and Light Co,IA,MRO,MISO,WND,WT,0.0,0.0,11217.0,66795.0,63079.0,66812.0,37242.0,55304.0,66730.0,65714.0,83158.0,66401.0,582452.0
62103,Kossuth,20856,Wisconsin Power & Light Co,IA,MRO,MISO,WND,WT,0.0,0.0,0.0,0.0,0.0,0.0,0.0,0.0,0.0,55302.0,53940.0,38230.0,147472.0
62106,"WED Green Hill, LLC",61648,"WED Green Hill, LLC",RI,NPCC,ISNE,WND,WT,379.0,480.0,733.0,769.0,592.0,336.0,295.0,384.0,471.0,539.0,686.0,769.0,6433.0
62107,"WED Plainfield II, LLC",61649,"WED Plainfield II, LLC",RI,NPCC,ISNE,WND,WT,653.579,558.756,739.349,741.893,659.586,375.619,377.371,351.298,387.675,469.649,673.019,759.206,6747.0
62108,"WED Plainfield III, LLC",61650,"WED Plainfield III, LLC",RI,NPCC,ISNE,WND,WT,619.481,529.605,700.776,703.188,625.174,356.022,357.683,332.97,367.45,445.147,637.907,719.597,6395.0
62109,"WED Plainfield, LLC",61651,"WED Plainfield, LLC",RI,NPCC,ISNE,WND,WT,657.549,562.152,743.842,746.402,663.594,377.902,379.664,353.433,390.031,472.503,677.109,763.819,6788.0
62110,"WED Shun I, LLC",61652,"WED Shun I, LLC",RI,NPCC,ISNE,WND,WT,738.0,585.0,813.0,886.0,704.0,371.0,407.0,446.0,513.0,520.0,832.0,882.0,7697.0
62111,"WED Shun II, LLC",61653,"WED Shun II, LLC",RI,NPCC,ISNE,WND,WT,677.892,579.543,766.854,769.493,684.124,389.593,391.41,364.367,402.097,487.121,698.056,787.45,6998.0
62112,"WED Shun III, LLC",61654,"WED Shun III, LLC",RI,NPCC,ISNE,WND,WT,689.032,589.067,779.456,782.138,695.366,395.995,397.842,370.355,408.705,495.126,709.528,800.39,7113.0
62130,Roseman,61676,"Roseman Energy, LLC",IA,MRO,MISO,WND,WT,517.453,624.272,622.971,619.975,548.382,643.25,352.382,476.221,613.476,685.051,783.819,604.748,7092.0
62132,Arbor Hill Wind Farm,12341,MidAmerican Energy Co,IA,MRO,MISO,WND,WT,71358.0,95937.0,92313.0,98771.0,70275.0,97312.0,53945.0,75846.0,99632.0,105567.0,111882.0,87665.0,1060503.0
62133,North English,12341,MidAmerican Energy Co,IA,MRO,MISO,WND,WT,86573.0,106063.0,103503.0,124346.0,95697.0,106381.0,55173.0,79564.0,117399.0,127066.0,148085.0,100316.0,1250166.0
62142,Amadeus Wind Farm,61683,Amadeus Wind LLC,TX,TRE,ERCO,WND,WT,0.0,0.0,0.0,0.0,0.0,0.0,0.0,0.0,0.0,0.0,0.0,68784.0,68784.0
62161,Galactic Wind,61667,Galactic Wind,WI,MRO,MISO,WND,WT,1870.328,2185.804,2084.011,1916.665,1788.585,1318.828,895.049,943.461,1710.905,2030.385,2581.063,1901.916,21227.0
62172,Birch,61706,Birch Power LLC,IA,MRO,MISO,WND,WT,499.357,602.442,601.186,598.295,529.205,620.757,340.06,459.568,592.023,661.096,756.41,583.601,6844.0
62220,"East Fork Wind Project, LLC",56201,Engie North America,KS,MRO,SWPP,WND,WT,0.0,0.0,0.0,62794.0,62032.0,81886.0,54976.0,63392.0,65301.0,65544.0,69743.0,74674.0,600342.0
62227,"Seymour Hills Wind Project, LLC",56201,Engie North America,TX,TRE,ERCO,WND,WT,13278.0,12876.0,11772.0,13341.0,12394.0,14055.0,11677.0,10693.0,8340.0,13399.0,13303.0,13260.0,148388.0
62247,Prevailing Wind Park,61012,AES Distributed Energy,SD,MRO,SWPP,WND,WT,0.0,0.0,24236.19,33544.17,39203.01,56748.78,47184.39,55091.52,74313.36,77708.0,70934.0,74071.0,553034.42
62258,Mesteno,61770,Mesteno Wind,TX,TRE,ERCO,WND,WT,52179.0,21117.0,27158.0,39323.0,56925.0,43607.0,62409.0,32170.0,31643.0,24627.0,32176.0,37065.0,460399.0
62259,Ranchero Wind Farm LLC,61771,Ranchero Wind Farm LLC,TX,TRE,ERCO,WND,WT,107326.0,99107.0,98250.0,107671.0,118531.0,131342.0,112457.0,109384.0,64529.0,109191.0,118180.0,110975.0,1286943.0
62269,"Stoneray Power Partners, LLC",57170,"EDF Renewable Asset Holdings, Inc.",MN,MRO,MISO,WND,WT,23020.0,36801.0,40124.0,26999.0,33723.0,34783.0,21272.0,29575.0,35414.0,34216.0,38062.0,34915.0,388904.0
62290,Polaris Wind Park,5109,DTE Electric Company,MI,RFC,MISO,WND,WT,0.0,0.0,0.0,0.0,40746.0,31513.0,19278.0,22380.0,35648.0,41933.0,61454.0,48076.0,301028.0
62291,"Palmer's Creek Wind Farm, LLC",61815,"Palmer's Creek Wind Farm, LLC",MN,MRO,SWPP,WND,WT,12706.0,14171.0,13411.0,10222.0,11684.0,12614.0,7760.0,10288.0,10512.0,11864.0,12716.0,13131.0,141079.0
62333,"Polk County Renewables, LLC",61845,"Polk County Renewables, LLC",NE,MRO,SWPP,WND,WT,1026.918,1081.04,1046.335,1012.361,874.331,1101.593,796.161,945.825,1027.046,1049.619,1114.519,1104.252,12180.0
62356,Lockett Windfarm,61886,"Lockett Windfarm, LLC",TX,TRE,ERCO,WND,WT,49623.0,66430.0,53574.0,71168.0,58207.0,76069.0,59092.0,57842.0,40205.0,69366.0,71926.0,68621.0,742123.0
62364,Nobles 2 Wind Project,61890,"Nobles 2 Power Partners, LLC",MN,MRO,MISO,WND,WT,0.0,0.0,0.0,0.0,0.0,0.0,0.0,0.0,0.0,0.0,0.0,81879.0,81879.0
62380,"Emmons-Logan Wind, LLC",61915,"Emmons-Logan Wind, LLC",ND,MRO,MISO,WND,WT,65453.0,72000.0,74874.0,63090.0,69728.0,74030.0,58009.0,61624.0,83961.0,78458.0,92968.0,85274.0,879469.0
62417,Peyton Creek Wind Farm LLC,56215,RWE Renewables Americas LLC,TX,TRE,ERCO,WND,WT,0.0,0.0,0.0,0.0,0.0,27623.0,28791.0,19508.0,31019.0,26783.0,28963.0,42896.0,205583.0
62431,Willow Creek Wind Power LLC,61981,Willow Creek Wind Power LLC,SD,MRO,SWPP,WND,WT,0.0,0.0,0.0,0.0,0.0,0.0,0.0,0.0,1808.0,41873.0,35858.0,38956.0,118495.0
62442,"Lake Region Community Hybrid, LLC",61893,"Lake Region Community Hybrid, LLC",MN,MRO,MISO,WND,WT,676.385,872.838,867.565,724.206,623.88,678.062,459.653,615.402,648.72,660.442,779.666,712.181,8319.0
62445,Busch Ranch II Wind Farm,61973,Black Hills Electric Generation LLC,CO,WECC,PSCO,WND,WT,14450.0,12277.0,17106.0,13600.0,14208.0,17185.0,15674.0,13076.0,12777.0,13816.0,17188.0,17780.0,179137.0
62478,North Fork Ridge Wind Energy Center,5860,Empire District Electric Co,MO,MRO,SWPP,WND,WT,0.0,0.0,0.0,0.0,0.0,0.0,0.0,0.0,0.0,0.0,0.0,154.0,154.0
62482,Beech Ridge II Wind Energy Center,17650,Southern Power Co,WV,RFC,PJM,WND,WT,0.0,0.0,897.0,8803.0,15488.0,9935.0,6526.0,9535.0,11857.0,15676.0,17525.0,13532.0,109774.0
62488,Prairie Queen Wind Farm,62010,Prairie Queen Wind Farm LLC,KS,MRO,SWPP,WND,WT,52338.0,54671.0,60936.0,59146.0,44000.0,57986.0,34336.0,35618.0,42355.0,62049.0,70998.0,58362.0,632795.0
62494,Skeleton Creek Energy Center Hybrid,62023,Skeleton Creek Energy Center,OK,MRO,SWPP,WND,WT,0.0,0.0,0.0,0.0,0.0,0.0,0.0,0.0,0.0,0.0,0.0,54008.0,54008.0
62562,"High Lonesome Wind Power, LLC Hybrid",62046,"High Lonesome Wind Power, LLC",TX,TRE,ERCO,WND,WT,0.0,0.0,0.0,0.0,0.0,0.0,0.0,0.0,79422.0,132299.0,134856.0,114633.0,461210.0
62563,High Prairie Wind Farm,19436,Union Electric Co - (MO),MO,SERC,MISO,WND,WT,0.0,0.0,0.0,0.0,0.0,0.0,0.0,0.0,0.0,0.0,0.0,60083.0,60083.0
62566,Blue Summit III Wind,62063,"Blue Summit III Wind, LLC",TX,TRE,ERCO,WND,WT,70113.0,72566.0,65160.0,76201.0,64012.0,75474.0,60133.0,60361.0,45704.0,69008.0,76103.0,76438.0,811273.0
62570,Jiminy Peak Wind QF,62069,"Jiminy Peak Mountain Resort, LLC",MA,NPCC,ISNE,WND,WT,0.145,0.157,0.197,0.227,0.188,0.104,0.109,0.123,0.138,0.146,0.243,0.223,2.0
62587,Mesquite Star,62085,Mesquite Star LLC,TX,TRE,ERCO,WND,WT,0.0,0.0,18518.0,61101.0,54642.0,105616.0,74600.0,84747.0,64780.0,110088.0,113975.0,111722.0,799789.0
62591,Ekola Flats,14354,PacifiCorp,WY,WECC,PACE,WND,WT,0.0,0.0,0.0,0.0,0.0,0.0,0.0,0.0,0.0,0.0,0.0,65569.0,65569.0
62606,Whitney Hill Wind Power LLC,62103,Whitney Hill Wind Power LLC,IL,SERC,PJM,WND,WT,17181.0,16209.0,19277.0,21938.0,16826.0,13724.0,7348.0,4987.0,9562.0,18048.0,24535.0,19285.0,188920.0
62618,Hidalgo Wind Farm II,62106,Hidalgo Wind Farm II LLC,TX,TRE,ERCO,WND,WT,0.0,3923.0,7778.0,10009.0,12819.0,11711.0,16359.0,9192.0,9585.0,6007.0,9138.0,11566.0,108087.0
62620,Sage Draw Wind,62113,"Sage Draw Wind, LLC",TX,TRE,ERCO,WND,WT,0.0,0.0,0.0,110060.0,114415.0,131397.0,88936.0,86745.0,69766.0,118103.0,121257.0,124718.0,965397.0
62624,"White Cloud Wind Project, LLC",62079,"White Cloud Wind Project, LLC",MO,MRO,AECI,WND,WT,0.0,0.0,0.0,0.0,0.0,0.0,0.0,0.0,0.0,0.0,0.0,61733.0,61733.0
62630,Jumbo Hill Wind Project,56201,Engie North America,TX,TRE,ERCO,WND,WT,0.0,0.0,0.0,53673.0,57691.0,64117.0,48908.0,44579.0,35575.0,59398.0,60171.0,55369.0,479481.0
62642,GE-Lubbock,58270,GE Wind Energy LLC,TX,MRO,SWPP,WND,WT,0.359,0.347,0.345,0.348,0.362,0.381,0.314,0.288,0.234,0.33,0.335,0.357,4.0
62653,Zephyr Wind Project - 2.0,62128,OEE XXX LLC,OH,RFC,PJM,WND,WT,0.0,0.0,0.0,0.0,0.0,0.0,0.0,415.058,686.131,911.464,1293.837,1260.51,4567.0
62711,Plum Creek Wind Project (NE),62633,"Plum Creek Wind, LLC",NE,MRO,SWPP,WND,WT,0.0,0.0,0.0,0.0,0.0,13864.0,61703.0,73891.0,81613.0,86252.0,85462.0,85358.0,488143.0
62736,Harbec Energy,62657,Harbec Energy,NY,NPCC,NYIS,WND,WT,45.988,46.615,56.191,53.684,37.892,28.904,32.518,29.524,41.891,44.788,67.007,53.998,539.0
62745,Wheatridge Hybrid,62668,"Wheatridge Wind Holdings, LLC",OR,WECC,BPAT,WND,WT,0.0,0.0,0.0,0.0,0.0,0.0,0.0,0.0,0.0,0.0,47713.0,45313.0,93026.0
62752,LafargeHolcim - Paulding Wind Project,62644,OEE XXVIII LLC,OH,RFC,PJM,WND,WT,0.0,0.0,0.0,0.0,0.0,0.0,0.0,426.145,704.46,935.812,1328.4,1294.183,4689.0
62765,El Campo Wind,61219,Longroad Energy Services LLC,TX,TRE,ERCO,WND,WT,0.0,0.0,0.0,0.0,0.0,0.0,0.0,0.0,0.0,0.0,0.0,78358.0,78358.0
62782,Pembina Land Port of Entry Wind Turbine,62645,General Services Administration - Region 8,ND,MRO,MISO,WND,WT,28.304,32.052,32.322,31.918,30.223,28.983,22.947,23.602,32.76,33.127,36.648,33.114,366.0
62795,Ida Grove II,12341,MidAmerican Energy Co,IA,MRO,MISO,WND,WT,62150.0,56765.0,65409.0,56096.0,56461.0,73040.0,42067.0,55712.0,68634.0,76199.0,73278.0,68370.0,754181.0
62840,"Mountain Breeze Wind, LLC",62726,"Mountain Breeze Wind, LLC",CO,WECC,PSCO,WND,WT,0.0,0.0,0.0,0.0,0.0,0.0,0.0,0.0,0.0,37894.0,50289.0,72936.0,161119.0
62871,Boiling Springs Wind Farm,56215,RWE Renewables Americas LLC,OK,MRO,SWPP,WND,WT,0.0,0.0,0.0,0.0,0.0,0.0,0.0,0.0,0.0,0.0,0.0,20031.0,20031.0
62891,Rosewater Wind Farm,62761,Rosewater Wind Farm LLC,IN,RFC,MISO,WND,WT,0.0,0.0,0.0,0.0,0.0,0.0,0.0,0.0,0.0,0.0,0.0,23147.0,23147.0
62897,Holiday Hill Community Wind,60025,Greenbacker Renewable Energy Corporation,MA,NPCC,ISNE,WND,WT,760.369,810.318,1020.988,1173.114,973.319,536.999,564.611,635.204,712.308,757.829,1255.689,1153.252,10354.0
62935,"Orchard Windfarm 1, LLC",62758,"Orchard Windfarm, LLC",OR,WECC,PACW,WND,WT,0.0,0.0,0.0,0.0,0.0,0.0,0.0,0.0,0.0,0.0,0.0,172.0,172.0
62936,Rattlesnake Flat,62778,"Rattlesnake Flat, LLC",WA,WECC,AVA,WND,WT,0.0,0.0,0.0,0.0,0.0,0.0,0.0,0.0,0.0,0.0,0.0,3182.0,3182.0
62938,Glen Ullin Energy Center,59496,Allete Clean Energy,ND,MRO,MISO,WND,WT,37129.0,34340.0,32976.0,40885.0,36947.0,32379.0,23749.0,26874.0,43734.0,44783.0,46357.0,41552.0,441705.0
62939,South Peak Wind,59496,Allete Clean Energy,MT,WECC,NWMT,WND,WT,0.0,0.0,0.0,26781.0,24613.0,23889.0,17802.0,16498.0,24498.0,29978.0,42060.0,33336.0,239455.0
62944,Timber Road IV,62796,Paulding Wind Farm IV LLC,OH,RFC,PJM,WND,WT,9349.0,15388.0,17584.0,28664.0,32977.0,28774.0,15364.0,15529.0,24703.0,32156.0,40559.0,41648.0,302695.0
62952,Cheyenne Ridge Wind Farm,15466,Public Service Co of Colorado,CO,WECC,PSCO,WND,WT,0.0,0.0,0.0,0.0,0.0,0.0,0.0,29238.0,152236.0,88519.0,150367.0,172774.0,593134.0
63025,Clear Creek Wind,62855,"Clear Creek Wind, LLC",MO,MRO,AECI,WND,WT,0.0,0.0,0.0,0.0,55652.0,69907.0,42794.0,50796.0,66465.0,73632.0,85334.0,64452.0,509032.0
63030,"Canadian Breaks, LLC",56215,RWE Renewables Americas LLC,TX,TRE,ERCO,WND,WT,63033.0,68694.0,78081.0,77088.0,70830.0,93797.0,53147.0,66354.0,55893.0,58473.0,79307.0,64298.0,828995.0
63053,Palo Alto Wind Farm,12341,MidAmerican Energy Co,IA,MRO,MISO,WND,WT,59064.0,60045.0,61153.0,74714.0,86386.0,94639.0,56377.0,77809.0,93573.0,97197.0,106745.0,97875.0,965577.0
63100,Prairie Hill Wind Project,56201,Engie North America,TX,TRE,ERCO,WND,WT,0.0,0.0,0.0,0.0,0.0,0.0,0.0,0.0,0.0,0.0,0.0,20438.0,20438.0
63101,Las Lomas Wind Project,56201,Engie North America,TX,TRE,ERCO,WND,WT,0.0,0.0,0.0,0.0,0.0,0.0,0.0,0.0,0.0,0.0,0.0,5249.0,5249.0
63103,Triple H Wind Project,56201,Engie North America,SD,MRO,SWPP,WND,WT,0.0,0.0,0.0,0.0,0.0,0.0,0.0,0.0,0.0,0.0,34626.0,84583.0,119209.0
63104,King Plains Wind Project,56201,Engie North America,OK,MRO,SWPP,WND,WT,0.0,0.0,0.0,0.0,0.0,0.0,0.0,0.0,0.0,0.0,27547.0,71796.0,99343.0
63114,Mohave County Wind Farm,62916,Mohave County Wind Farm,AZ,WECC,WALC,WND,WT,0.0,0.0,0.0,0.0,0.0,0.0,0.0,0.0,0.0,64.0,38540.0,72675.0,111279.0
63132,Weaver Wind,61219,Longroad Energy Services LLC,ME,NPCC,ISNE,WND,WT,0.0,0.0,0.0,0.0,0.0,0.0,0.0,0.0,0.0,0.0,0.0,13615.0,13615.0
63133,Roundhouse Wind Energy Project,62913,"Roundhouse Renewable Energy, LLC",WY,WECC,WACM,WND,WT,0.0,0.0,0.0,0.0,0.0,52496.0,63654.0,50761.0,64259.0,83954.0,91638.0,106585.0,513347.0
63205,Skookumchuck Wind Facility,17650,Southern Power Co,WA,WECC,PSEI,WND,WT,0.0,0.0,0.0,0.0,0.0,0.0,0.0,0.0,0.0,0.0,22750.0,53602.0,76352.0
63251,"Lone Tree Wind, LLC",50123,"Leeward Asset Management, LLC",IL,RFC,PJM,WND,WT,0.0,0.0,0.0,0.0,0.0,0.0,0.0,0.0,0.0,0.0,0.0,25004.0,25004.0
63258,Aurora Wind Project,63021,"Aurora Wind Project, LLC",ND,MRO,SWPP,WND,WT,0.0,0.0,0.0,0.0,0.0,0.0,0.0,0.0,0.0,1845.0,11297.0,13277.0,26419.0
63269,Crowned Ridge Wind II Energy Center,13781,Northern States Power Co - Minnesota,SD,MRO,MISO,WND,WT,0.0,0.0,0.0,0.0,0.0,0.0,0.0,0.0,0.0,0.0,0.0,43763.0,43763.0
63287,Cerro Gordo Wind Farm,63072,Cerro Gordo Wind Farm,IA,MRO,MISO,WND,WT,4587.0,5883.0,3748.0,0.0,0.0,0.0,0.0,3221.0,14024.0,15507.0,18122.0,14204.0,79296.0
63327,"Diamond Spring, LLC",59496,Allete Clean Energy,OK,MRO,SWPP,WND,WT,0.0,0.0,0.0,0.0,0.0,0.0,0.0,0.0,0.0,52532.0,42337.0,82553.0,177422.0
63389,"Jordan Creek Wind Farm, LLC",63128,"Jordan Creek Wind Farm, LLC",IN,RFC,MISO,WND,WT,0.0,0.0,0.0,0.0,0.0,0.0,0.0,0.0,0.0,0.0,0.0,109175.0,109175.0
63393,"Cuming County Renewables, LLC",63124,Cuming County Renewables. LLC,NE,MRO,SWPP,WND,WT,1051.788,1107.223,1071.678,1036.88,895.508,1128.274,815.444,968.733,1051.921,1075.041,1141.513,1130.997,12475.0
63431,Cisco,59496,Allete Clean Energy,MN,MRO,MISO,WND,WT,1375.453,1774.949,1764.226,1472.701,1268.684,1378.865,934.721,1251.444,1319.196,1343.034,1585.48,1448.247,16917.0
63432,Lincoln Heights I,59496,Allete Clean Energy,MN,MRO,MISO,WND,WT,960.71,1239.747,1232.257,1028.636,886.136,963.095,652.874,874.095,921.417,938.068,1107.409,1011.556,11816.0
63433,Lincoln Heights II,59496,Allete Clean Energy,MN,MRO,MISO,WND,WT,855.989,1104.608,1097.935,916.51,789.543,858.113,581.707,778.814,820.979,835.814,986.696,901.292,10528.0
63436,Corriedale Wind Energy,56771,Black Hills Service Company LLC,WY,WECC,WACM,WND,WT,0.0,0.0,0.0,0.0,0.0,0.0,0.0,0.0,0.0,0.0,9185.0,27894.0,37079.0
63460,"Rock County Wind Fuel, LLC",63189,"Rock County Wind Fuel, LLC",MN,MRO,MISO,WND,WT,0.0,0.0,0.0,0.0,1415.717,1538.668,1043.05,1396.479,1472.083,1498.684,1769.228,1616.091,11750.0
63521,CED Mason City Wind,56769,Consolidated Edison Development Inc.,IA,MRO,MISO,WND,WT,0.0,0.0,0.0,0.0,2255.231,2645.382,1449.18,1958.471,2522.933,2817.288,3223.474,2487.041,19359.0
63578,Sagamore Wind,17718,Southwestern Public Service Co,NM,MRO,SWPP,WND,WT,0.0,0.0,0.0,0.0,0.0,0.0,0.0,0.0,0.0,0.0,0.0,0.0,0.0
63590,Ponderosa Wind Energy Center,63299,"Ponderosa Wind, LLC",OK,MRO,SWPP,WND,WT,0.0,0.0,0.0,0.0,0.0,0.0,0.0,0.0,0.0,0.0,2488.0,70119.0,72607.0
63639,Contrail Wind Farm,12341,MidAmerican Energy Co,IA,MRO,MISO,WND,WT,0.0,0.0,0.0,0.0,0.0,0.0,0.0,0.0,0.0,0.0,0.0,25981.0,25981.0
63641,Diamond Trail Wind Farm,12341,MidAmerican Energy Co,IA,MRO,MISO,WND,WT,0.0,0.0,0.0,0.0,0.0,0.0,0.0,0.0,0.0,0.0,0.0,45248.0,45248.0
63666,"Bitter Ridge Wind Farm, LLC",63373,"Bitter Ridge Wind Farm, LLC",IN,RFC,PJM,WND,WT,0.0,0.0,0.0,0.0,0.0,0.0,0.0,0.0,10473.0,10998.0,48808.0,41489.0,111768.0
63687,Gratiot Farms Wind Project,4254,Consumers Energy Co,MI,RFC,MISO,WND,WT,0.0,0.0,0.0,0.0,0.0,0.0,0.0,0.0,0.0,0.0,0.0,38056.0,38056.0
63689,Red Lake Falls Community Hybrid,56769,Consolidated Edison Development Inc.,MN,MRO,MISO,WND,WT,0.0,0.0,0.0,0.0,0.0,0.0,0.0,0.0,0.0,0.0,0.0,0.0,0.0
63803,"Bronco Plains Wind, LLC",63487,"Bronco Plains Wind, LLC",CO,WECC,PSCO,WND,WT,0.0,0.0,0.0,21742.0,80529.0,76333.0,85796.0,86818.0,69905.0,49709.0,95846.0,91643.0,658321.0
63914,Cedar Springs I,63580,"Cedar Springs Wind, LLC",WY,WECC,PACE,WND,WT,0.0,0.0,0.0,0.0,0.0,0.0,0.0,924.0,942.0,18972.0,32026.0,93543.0,146407.0
63915,Cedar Springs II,14354,PacifiCorp,WY,WECC,PACE,WND,WT,0.0,0.0,0.0,0.0,0.0,0.0,0.0,0.0,0.0,0.0,0.0,116063.0,116063.0
63916,Cedar Springs III,63582,"Cedar Springs Wind III, LLC",WY,WECC,PACE,WND,WT,0.0,0.0,0.0,0.0,0.0,0.0,0.0,0.0,0.0,0.0,0.0,46215.0,46215.0
63988,Blooming Grove Wind Energy Center,49893,Invenergy Services LLC,IL,SERC,PJM,WND,WT,0.0,0.0,0.0,0.0,0.0,0.0,0.0,0.0,0.0,0.0,0.0,74734.0,74734.0
64051,"Orchard Windfarm 2, LLC",62758,"Orchard Windfarm, LLC",OR,WECC,BPAT,WND,WT,0.0,0.0,0.0,0.0,0.0,0.0,0.0,0.0,0.0,0.0,0.0,184.0,184.0
64052,"Orchard Windfarm 3, LLC",62758,"Orchard Windfarm, LLC",OR,WECC,BPAT,WND,WT,0.0,0.0,0.0,0.0,0.0,0.0,0.0,0.0,0.0,0.0,0.0,161.0,161.0
64053,"Orchard Windfarm 4, LLC",62758,"Orchard Windfarm, LLC",OR,WECC,PACW,WND,WT,0.0,0.0,0.0,0.0,0.0,0.0,0.0,0.0,0.0,0.0,0.0,59.0,59.0
64057,Wheatridge 1,15248,Portland General Electric Co,OR,WECC,BPAT,WND,WT,0.0,0.0,0.0,0.0,0.0,0.0,0.0,0.0,0.0,0.0,0.0,16207.0,16207.0
64074,Cimarron Bend III,61372,"Enel Kansas, LLC",KS,MRO,SWPP,WND,WT,0.0,0.0,0.0,0.0,0.0,0.0,0.0,0.0,0.0,0.0,8195.0,44263.0,52458.0
64130,"REG Juhl Glenville Wind, LLC",63761,"REG Juhl Glenville Wind, LLC",MN,MRO,MISO,WND,WT,0.0,0.0,0.0,0.0,0.0,0.0,0.0,0.0,0.0,0.0,0.0,174.0,174.0
64309,Soldier Creek Wind,63887,Soldier Creek Wind LLC,KS,MRO,SWPP,WND,WT,0.0,0.0,0.0,0.0,0.0,0.0,0.0,0.0,0.0,0.0,39353.0,87861.0,127214.0
64332,Two Dot Wind Broadview East LLC,63903,Two Dot Wind Broadview East LLC,MT,WECC,NWMT,WND,WT,520.427,542.754,429.175,439.788,345.819,392.434,276.353,266.174,371.138,419.303,626.888,535.747,5166.0
64377,Milligan 1 Wind Farm,63993,"Milligan 1 Wind, LLC",NE,MRO,SWPP,WND,WT,0.0,0.0,0.0,0.0,0.0,0.0,0.0,0.0,0.0,0.0,15811.29,24572.0,40383.29
99999,State-Fuel Level Increment,99999,State-Fuel Level Increment,HI,Unknown,State-Fuel Level Increment,WND,WT,0.0,0.0,0.0,9778.733,0.0,0.0,0.0,0.0,0.0,0.0,0.0,0.0,9778.733
99999,State-Fuel Level Increment,99999,State-Fuel Level Increment,ID,Unknown,State-Fuel Level Increment,WND,WT,4472.169,0.0,0.0,0.0,0.0,0.0,0.0,0.0,0.0,0.0,0.0,0.0,4472.169
99999,State-Fuel Level Increment,99999,State-Fuel Level Increment,MA,Unknown,State-Fuel Level Increment,WND,WT,0.0,0.0,0.0,794.787,0.0,0.0,0.0,0.0,0.0,0.0,0.0,0.0,794.787
99999,State-Fuel Level Increment,99999,State-Fuel Level Increment,MD,Unknown,State-Fuel Level Increment,WND,WT,8674.526,0.0,0.0,0.0,0.0,0.0,0.0,0.0,0.0,0.0,0.0,0.0,8674.526
99999,State-Fuel Level Increment,99999,State-Fuel Level Increment,MN,Unknown,State-Fuel Level Increment,WND,WT,299.737,355.429,330.673,320.594,277.433,251.348,262.307,245.575,180.547,290.103,304.231,234.731,3352.708
99999,State-Fuel Level Increment,99999,State-Fuel Level Increment,NH,Unknown,State-Fuel Level Increment,WND,WT,0.0,0.0,0.0,0.0,0.0,9605.242,0.0,0.0,0.0,0.0,0.0,0.0,9605.242
99999,State-Fuel Level Increment,99999,State-Fuel Level Increment,NV,Unknown,State-Fuel Level Increment,WND,WT,0.0,0.0,0.0,0.0,31811.979,0.0,0.0,0.0,0.0,0.0,0.0,0.0,31811.979
99999,State-Fuel Level Increment,99999,State-Fuel Level Increment,WA,Unknown,State-Fuel Level Increment,WND,WT,35293.942,0.0,0.0,0.0,0.0,0.0,0.0,0.0,0.0,0.0,0.0,0.0,35293.942
